{
  "locale": "fr",
  "timestamp": "2026-04-20T04:04:20.603Z",
  "iterations": 5,
  "e2e": {
    "description": "Perceived reactivity (ms)",
    "raw": [
      41.599999994039536,
      9.700000002980232,
      8.200000002980232,
      5.4000000059604645,
      16.099999994039536
    ],
    "avg": 16.2,
    "min": 5.4000000059604645,
    "max": 41.599999994039536
  },
  "reactProfiler": {
    "description": "Internal React render (ms)",
    "raw": [
      17.5,
      2.0999999940395355,
      2.7999999970197678,
      0,
      1.7999999970197678
    ],
    "avg": 4.839999997615815,
    "min": 0,
    "max": 17.5
  }
}