{
  "locale": "en",
  "timestamp": "2026-04-18T20:39:09.992Z",
  "iterations": 5,
  "e2e": {
    "description": "Perceived reactivity (ms)",
    "raw": [
      46.30000001192093,
      29,
      30.5,
      32.89999997615814,
      20.100000023841858
    ],
    "avg": 31.760000002384185,
    "min": 20.100000023841858,
    "max": 46.30000001192093
  },
  "reactProfiler": {
    "description": "Internal React render (ms)",
    "raw": [
      6.800000011920929,
      4.300000011920929,
      4.199999988079071,
      4.900000035762787,
      3.899999976158142
    ],
    "avg": 4.820000004768372,
    "min": 3.899999976158142,
    "max": 6.800000011920929
  }
}