{
  "locale": "en",
  "timestamp": "2026-04-20T01:21:56.425Z",
  "iterations": 5,
  "e2e": {
    "description": "Perceived reactivity (ms)",
    "raw": [
      41.400000005960464,
      14,
      13.400000005960464,
      13.5,
      14.599999994039536
    ],
    "avg": 19.380000001192094,
    "min": 13.400000005960464,
    "max": 41.400000005960464
  },
  "reactProfiler": {
    "description": "Internal React render (ms)",
    "raw": [
      7.5999999940395355,
      4.9000000059604645,
      4.5999999940395355,
      4.699999988079071,
      4.5
    ],
    "avg": 5.259999996423721,
    "min": 4.5,
    "max": 7.5999999940395355
  }
}