{
  "locale": "fr",
  "timestamp": "2026-04-20T01:21:57.259Z",
  "iterations": 5,
  "e2e": {
    "description": "Perceived reactivity (ms)",
    "raw": [
      18.19999998807907,
      14.099999994039536,
      14.5,
      13.700000002980232,
      12.100000008940697
    ],
    "avg": 14.519999998807908,
    "min": 12.100000008940697,
    "max": 18.19999998807907
  },
  "reactProfiler": {
    "description": "Internal React render (ms)",
    "raw": [
      6.0999999940395355,
      4.799999997019768,
      4.5,
      8.099999994039536,
      5.299999997019768
    ],
    "avg": 5.759999996423721,
    "min": 4.5,
    "max": 8.099999994039536
  }
}