{
  "locale": "en",
  "timestamp": "2026-04-14T00:48:27.653Z",
  "iterations": 5,
  "e2e": {
    "description": "Perceived reactivity: time from select change to html[lang] DOM update (ms)",
    "raw": [
      2.800000011920929,
      1.9000000059604645,
      2,
      2.0999999940395355,
      1.9000000059604645
    ],
    "avg": 2.1400000035762785,
    "min": 1.9000000059604645,
    "max": 2.800000011920929
  },
  "reactProfiler": {
    "description": "Internal React render time: sum of Profiler actualDuration for update phases (ms)",
    "raw": [
      0,
      0,
      0,
      0,
      0
    ],
    "avg": 0,
    "min": 0,
    "max": 0
  }
}