{
  "locale": "en",
  "timestamp": "2026-04-12T23:53:31.024Z",
  "iterations": 5,
  "e2e": {
    "description": "Perceived reactivity: time from select change to html[lang] DOM update (ms)",
    "raw": [
      8.799999982118607,
      4.600000023841858,
      5.199999988079071,
      4.800000011920929,
      5
    ],
    "avg": 5.680000001192093,
    "min": 4.600000023841858,
    "max": 8.799999982118607
  },
  "reactProfiler": {
    "description": "Internal React render time: sum of Profiler actualDuration for update phases (ms)",
    "raw": [
      0,
      0,
      0,
      0,
      0
    ],
    "avg": 0,
    "min": 0,
    "max": 0
  }
}