{
  "locale": "en",
  "timestamp": "2026-04-16T21:18:56.449Z",
  "iterations": 5,
  "e2e": {
    "description": "Perceived reactivity: time from select change to html[lang] DOM update (ms)",
    "raw": [
      22.5,
      18.5,
      12.300000011920929,
      16.899999976158142,
      15.5
    ],
    "avg": 17.139999997615813,
    "min": 12.300000011920929,
    "max": 22.5
  },
  "reactProfiler": {
    "description": "Internal React render time: sum of Profiler actualDuration for update phases (ms)",
    "raw": [
      0,
      0,
      0,
      0,
      0
    ],
    "avg": 0,
    "min": 0,
    "max": 0
  }
}