{
  "locale": "en",
  "timestamp": "2026-04-20T01:32:51.017Z",
  "iterations": 5,
  "e2e": {
    "description": "Perceived reactivity (ms)",
    "raw": [
      14,
      0.7000000029802322,
      0.7000000029802322,
      0.7999999970197678,
      0.9000000059604645
    ],
    "avg": 3.4200000017881393,
    "min": 0.7000000029802322,
    "max": 14
  },
  "reactProfiler": {
    "description": "Internal React render (ms)",
    "raw": [
      5.100000008940697,
      0,
      0,
      0,
      0
    ],
    "avg": 1.0200000017881394,
    "min": 0,
    "max": 5.100000008940697
  }
}