{
  "locale": "fr",
  "timestamp": "2026-04-20T01:33:30.895Z",
  "iterations": 5,
  "e2ePageLoad": {
    "description": "PerformanceNavigationTiming.duration — full page load wall-clock time including sub-resources (ms)",
    "raw": [
      18.30000001192093,
      14.700000002980232,
      13.600000008940697,
      14.100000008940697,
      13.800000011920929
    ],
    "avg": 14.900000008940697,
    "min": 13.600000008940697,
    "max": 18.30000001192093
  },
  "hydration": {
    "description": "performance.measure('hydration_duration') — time between hydration_start mark (inline script) and hydration_end mark (useEffect) (ms). 0 means app is not instrumented.",
    "raw": [
      24.5,
      8.800000011920929,
      8.700000002980232,
      8.099999994039536,
      8.200000002980232
    ],
    "avg": 11.660000002384185,
    "min": 8.099999994039536,
    "max": 24.5
  },
  "reactMount": {
    "description": "React Profiler actualDuration for the mount phase of <AppRoot>. 0 means Profiler is not wired up (ms).",
    "raw": [
      17.5,
      3.5,
      2.9000000059604645,
      2.699999988079071,
      2.5999999940395355
    ],
    "avg": 5.839999997615815,
    "min": 2.5999999940395355,
    "max": 17.5
  }
}