{
  "locale": "en",
  "timestamp": "2026-04-20T01:33:30.112Z",
  "iterations": 5,
  "e2ePageLoad": {
    "description": "PerformanceNavigationTiming.duration — full page load wall-clock time including sub-resources (ms)",
    "raw": [
      18.299999997019768,
      13.200000002980232,
      14,
      13.099999994039536,
      13.900000005960464
    ],
    "avg": 14.5,
    "min": 13.099999994039536,
    "max": 18.299999997019768
  },
  "hydration": {
    "description": "performance.measure('hydration_duration') — time between hydration_start mark (inline script) and hydration_end mark (useEffect) (ms). 0 means app is not instrumented.",
    "raw": [
      24.5,
      9.899999991059303,
      8.100000008940697,
      7.799999997019768,
      8.399999991059303
    ],
    "avg": 11.739999997615815,
    "min": 7.799999997019768,
    "max": 24.5
  },
  "reactMount": {
    "description": "React Profiler actualDuration for the mount phase of <AppRoot>. 0 means Profiler is not wired up (ms).",
    "raw": [
      17,
      3,
      2.4000000059604645,
      2.6000000089406967,
      2.699999988079071
    ],
    "avg": 5.540000000596047,
    "min": 2.4000000059604645,
    "max": 17
  }
}