{
  "locale": "fr",
  "timestamp": "2026-04-16T03:30:04.877Z",
  "iterations": 5,
  "e2e": {
    "description": "Perceived reactivity: time from select change to html[lang] DOM update (ms)",
    "raw": [
      8.099999994039536,
      5.100000008940697,
      9.799999997019768,
      13.200000002980232,
      13.899999991059303
    ],
    "avg": 10.019999998807908,
    "min": 5.100000008940697,
    "max": 13.899999991059303
  },
  "reactProfiler": {
    "description": "Internal React render time: sum of Profiler actualDuration for update phases (ms)",
    "raw": [
      1.7000000029802322,
      1.600000023841858,
      2.5,
      2.6000000089406967,
      2.999999985098839
    ],
    "avg": 2.280000004172325,
    "min": 1.600000023841858,
    "max": 2.999999985098839
  }
}