{
  "locale": "en",
  "timestamp": "2026-04-16T03:30:00.791Z",
  "iterations": 5,
  "e2e": {
    "description": "Perceived reactivity: time from select change to html[lang] DOM update (ms)",
    "raw": [
      12.299999997019768,
      6.200000002980232,
      5.5999999940395355,
      6.299999997019768,
      5.299999997019768
    ],
    "avg": 7.139999997615814,
    "min": 5.299999997019768,
    "max": 12.299999997019768
  },
  "reactProfiler": {
    "description": "Internal React render time: sum of Profiler actualDuration for update phases (ms)",
    "raw": [
      1.7000000178813934,
      1.7000000178813934,
      1.5,
      1.8999999910593033,
      1.3999999910593033
    ],
    "avg": 1.6400000035762787,
    "min": 1.3999999910593033,
    "max": 1.8999999910593033
  }
}