{
  "locale": "fr",
  "timestamp": "2026-04-20T01:46:16.097Z",
  "iterations": 5,
  "e2e": {
    "description": "Perceived reactivity (ms)",
    "raw": [
      16.299999997019768,
      15.5,
      12.600000008940697,
      16.200000002980232,
      24.5
    ],
    "avg": 17.02000000178814,
    "min": 12.600000008940697,
    "max": 24.5
  },
  "reactProfiler": {
    "description": "Internal React render (ms)",
    "raw": [
      4.100000008940697,
      3.0999999940395355,
      3.4000000059604645,
      3.5,
      3.699999988079071
    ],
    "avg": 3.5599999994039537,
    "min": 3.0999999940395355,
    "max": 4.100000008940697
  }
}