{
  "locale": "en",
  "timestamp": "2026-04-20T01:46:14.713Z",
  "iterations": 5,
  "e2e": {
    "description": "Perceived reactivity (ms)",
    "raw": [
      19.200000002980232,
      14.399999991059303,
      13.600000008940697,
      19,
      19
    ],
    "avg": 17.040000000596045,
    "min": 13.600000008940697,
    "max": 19.200000002980232
  },
  "reactProfiler": {
    "description": "Internal React render (ms)",
    "raw": [
      3.7000000029802322,
      3.5,
      3.4000000059604645,
      3.3999999910593033,
      3.9000000059604645
    ],
    "avg": 3.5800000011920927,
    "min": 3.3999999910593033,
    "max": 3.9000000059604645
  }
}