{
  "locale": "fr",
  "timestamp": "2026-04-20T01:47:58.235Z",
  "iterations": 5,
  "e2ePageLoad": {
    "description": "PerformanceNavigationTiming.duration — full page load wall-clock time including sub-resources (ms)",
    "raw": [
      20.100000008940697,
      16.5,
      16.200000002980232,
      24.599999994039536,
      14.200000002980232
    ],
    "avg": 18.320000001788138,
    "min": 14.200000002980232,
    "max": 24.599999994039536
  },
  "hydration": {
    "description": "performance.measure('hydration_duration') — time between hydration_start mark (inline script) and hydration_end mark (useEffect) (ms). 0 means app is not instrumented.",
    "raw": [
      27,
      8.399999991059303,
      11.200000002980232,
      7,
      9.799999997019768
    ],
    "avg": 12.67999999821186,
    "min": 7,
    "max": 27
  },
  "reactMount": {
    "description": "React Profiler actualDuration for the mount phase of <AppRoot>. 0 means Profiler is not wired up (ms).",
    "raw": [
      17.299999997019768,
      1.2000000029802322,
      1.2999999970197678,
      2.300000011920929,
      1.2999999970197678
    ],
    "avg": 4.680000001192093,
    "min": 1.2000000029802322,
    "max": 17.299999997019768
  }
}