{
  "locale": "fr",
  "timestamp": "2026-04-16T04:05:55.536Z",
  "iterations": 5,
  "e2e": {
    "description": "Perceived reactivity: time from select change to html[lang] DOM update (ms)",
    "raw": [
      12.899999991059303,
      9.100000008940697,
      19.400000005960464,
      10.200000002980232,
      11.400000005960464
    ],
    "avg": 12.600000002980233,
    "min": 9.100000008940697,
    "max": 19.400000005960464
  },
  "reactProfiler": {
    "description": "Internal React render time: sum of Profiler actualDuration for update phases (ms)",
    "raw": [
      0,
      0,
      0,
      0,
      0
    ],
    "avg": 0,
    "min": 0,
    "max": 0
  }
}