{
  "locale": "en",
  "timestamp": "2026-04-16T04:05:51.379Z",
  "iterations": 5,
  "e2e": {
    "description": "Perceived reactivity: time from select change to html[lang] DOM update (ms)",
    "raw": [
      17.299999997019768,
      10.900000005960464,
      9.399999991059303,
      18.099999994039536,
      19.899999991059303
    ],
    "avg": 15.119999995827675,
    "min": 9.399999991059303,
    "max": 19.899999991059303
  },
  "reactProfiler": {
    "description": "Internal React render time: sum of Profiler actualDuration for update phases (ms)",
    "raw": [
      0,
      0,
      0,
      0,
      0
    ],
    "avg": 0,
    "min": 0,
    "max": 0
  }
}