{
  "locale": "en",
  "timestamp": "2026-04-16T03:57:06.280Z",
  "iterations": 5,
  "e2e": {
    "description": "Perceived reactivity: time from select change to html[lang] DOM update (ms)",
    "raw": [
      16.099999994039536,
      9.700000002980232,
      10.799999997019768,
      10.100000008940697,
      11.200000002980232
    ],
    "avg": 11.580000001192094,
    "min": 9.700000002980232,
    "max": 16.099999994039536
  },
  "reactProfiler": {
    "description": "Internal React render time: sum of Profiler actualDuration for update phases (ms)",
    "raw": [
      0,
      0,
      0,
      0,
      0
    ],
    "avg": 0,
    "min": 0,
    "max": 0
  }
}