{
  "locale": "fr",
  "timestamp": "2026-04-16T03:57:10.540Z",
  "iterations": 5,
  "e2e": {
    "description": "Perceived reactivity: time from select change to html[lang] DOM update (ms)",
    "raw": [
      13.700000002980232,
      10.200000002980232,
      11.599999994039536,
      9.699999988079071,
      11.600000008940697
    ],
    "avg": 11.359999999403954,
    "min": 9.699999988079071,
    "max": 13.700000002980232
  },
  "reactProfiler": {
    "description": "Internal React render time: sum of Profiler actualDuration for update phases (ms)",
    "raw": [
      0,
      0,
      0,
      0,
      0
    ],
    "avg": 0,
    "min": 0,
    "max": 0
  }
}