{
  "locale": "fr",
  "timestamp": "2026-04-17T17:17:18.876Z",
  "iterations": 5,
  "e2e": {
    "description": "Perceived reactivity (ms)",
    "raw": [
      84.5,
      12,
      10.5,
      10.099999994039536,
      12.5
    ],
    "avg": 25.919999998807906,
    "min": 10.099999994039536,
    "max": 84.5
  },
  "reactProfiler": {
    "description": "Internal React render (ms)",
    "raw": [
      11.699999988079071,
      2.699999988079071,
      2.2999999821186066,
      2.399999976158142,
      2.0999999940395355
    ],
    "avg": 4.239999985694885,
    "min": 2.0999999940395355,
    "max": 11.699999988079071
  }
}