{
  "locale": "en",
  "timestamp": "2026-04-19T00:37:47.543Z",
  "iterations": 5,
  "e2e": {
    "description": "Perceived reactivity (ms)",
    "raw": [
      231,
      201.20000004768372,
      248,
      215.79999995231628,
      205.39999997615814
    ],
    "avg": 220.27999999523163,
    "min": 201.20000004768372,
    "max": 248
  },
  "reactProfiler": {
    "description": "Internal React render (ms)",
    "raw": [
      12.800000011920929,
      0,
      0,
      2.900000035762787,
      3.099999964237213
    ],
    "avg": 3.760000002384186,
    "min": 0,
    "max": 12.800000011920929
  }
}