{
  "locale": "fr",
  "timestamp": "2026-04-14T23:48:40.189Z",
  "iterations": 5,
  "e2e": {
    "description": "Perceived reactivity: time from select change to html[lang] DOM update (ms)",
    "raw": [
      13.900000000372529,
      15.799999998882413,
      18.300000000745058,
      14.400000000372529,
      23.699999999254942
    ],
    "avg": 17.219999999925495,
    "min": 13.900000000372529,
    "max": 23.699999999254942
  },
  "reactProfiler": {
    "description": "Internal React render time: sum of Profiler actualDuration for update phases (ms)",
    "raw": [
      0,
      0,
      0,
      0,
      0
    ],
    "avg": 0,
    "min": 0,
    "max": 0
  }
}