{
  "locale": "en",
  "timestamp": "2026-04-14T23:48:36.161Z",
  "iterations": 5,
  "e2e": {
    "description": "Perceived reactivity: time from select change to html[lang] DOM update (ms)",
    "raw": [
      20.300000000745058,
      10.199999999254942,
      9.900000000372529,
      14.599999999627471,
      20.59999999962747
    ],
    "avg": 15.119999999925493,
    "min": 9.900000000372529,
    "max": 20.59999999962747
  },
  "reactProfiler": {
    "description": "Internal React render time: sum of Profiler actualDuration for update phases (ms)",
    "raw": [
      0,
      0,
      0,
      0,
      0
    ],
    "avg": 0,
    "min": 0,
    "max": 0
  }
}