{
  "locale": "fr",
  "timestamp": "2026-04-20T01:23:24.301Z",
  "iterations": 5,
  "e2e": {
    "description": "Perceived reactivity (ms)",
    "raw": [
      18.200000002980232,
      11.200000002980232,
      11.700000002980232,
      36.8999999910593,
      11.600000008940697
    ],
    "avg": 17.92000000178814,
    "min": 11.200000002980232,
    "max": 36.8999999910593
  },
  "reactProfiler": {
    "description": "Internal React render (ms)",
    "raw": [
      8.299999997019768,
      5.700000002980232,
      5.4000000059604645,
      5.600000008940697,
      5.699999988079071
    ],
    "avg": 6.1400000005960464,
    "min": 5.4000000059604645,
    "max": 8.299999997019768
  }
}