{
  "locale": "en",
  "timestamp": "2026-04-20T01:23:23.163Z",
  "iterations": 5,
  "e2e": {
    "description": "Perceived reactivity (ms)",
    "raw": [
      26,
      14.300000011920929,
      12.400000005960464,
      13.5,
      13.600000008940697
    ],
    "avg": 15.960000005364417,
    "min": 12.400000005960464,
    "max": 26
  },
  "reactProfiler": {
    "description": "Internal React render (ms)",
    "raw": [
      36.3999999910593,
      6.5999999940395355,
      5.5,
      5.700000002980232,
      6
    ],
    "avg": 12.039999997615814,
    "min": 5.5,
    "max": 36.3999999910593
  }
}