{
  "locale": "en",
  "timestamp": "2026-04-20T02:09:01.548Z",
  "iterations": 5,
  "e2e": {
    "description": "Perceived reactivity (ms)",
    "raw": [
      34.400000005960464,
      14.300000011920929,
      11.400000005960464,
      9.800000011920929,
      12.800000011920929
    ],
    "avg": 16.540000009536744,
    "min": 9.800000011920929,
    "max": 34.400000005960464
  },
  "reactProfiler": {
    "description": "Internal React render (ms)",
    "raw": [
      5.399999991059303,
      3.699999988079071,
      3.699999988079071,
      3.5,
      3.6000000089406967
    ],
    "avg": 3.9799999952316285,
    "min": 3.5,
    "max": 5.399999991059303
  }
}