{
  "locale": "fr",
  "timestamp": "2026-04-20T02:09:02.642Z",
  "iterations": 5,
  "e2e": {
    "description": "Perceived reactivity (ms)",
    "raw": [
      13.099999994039536,
      14.799999997019768,
      10.100000008940697,
      10.199999988079071,
      10.700000002980232
    ],
    "avg": 11.77999999821186,
    "min": 10.100000008940697,
    "max": 14.799999997019768
  },
  "reactProfiler": {
    "description": "Internal React render (ms)",
    "raw": [
      3.9000000059604645,
      3.7999999970197678,
      3.5999999940395355,
      3.7000000029802322,
      3.7999999970197678
    ],
    "avg": 3.7599999994039535,
    "min": 3.5999999940395355,
    "max": 3.9000000059604645
  }
}