{
  "locale": "fr",
  "timestamp": "2026-04-20T02:09:09.395Z",
  "iterations": 5,
  "e2ePageLoad": {
    "description": "PerformanceNavigationTiming.duration — full page load wall-clock time including sub-resources (ms)",
    "raw": [
      18.30000001192093,
      14.5,
      13.5,
      13.799999997019768,
      12.599999994039536
    ],
    "avg": 14.540000000596047,
    "min": 12.599999994039536,
    "max": 18.30000001192093
  },
  "hydration": {
    "description": "performance.measure('hydration_duration') — time between hydration_start mark (inline script) and hydration_end mark (useEffect) (ms). 0 means app is not instrumented.",
    "raw": [
      37.8999999910593,
      14.100000008940697,
      14.200000002980232,
      14.400000005960464,
      14.5
    ],
    "avg": 19.02000000178814,
    "min": 14.100000008940697,
    "max": 37.8999999910593
  },
  "reactMount": {
    "description": "React Profiler actualDuration for the mount phase of <AppRoot>. 0 means Profiler is not wired up (ms).",
    "raw": [
      12.599999994039536,
      2.2999999970197678,
      1.8999999910593033,
      2.7999999970197678,
      2.1000000089406967
    ],
    "avg": 4.339999997615815,
    "min": 1.8999999910593033,
    "max": 12.599999994039536
  }
}