{
  "locale": "fr",
  "timestamp": "2026-04-18T19:29:02.190Z",
  "iterations": 5,
  "e2e": {
    "description": "Perceived reactivity (ms)",
    "raw": [
      33.19999998807907,
      24.600000023841858,
      17.200000047683716,
      15.600000023841858,
      16.200000047683716
    ],
    "avg": 21.360000026226043,
    "min": 15.600000023841858,
    "max": 33.19999998807907
  },
  "reactProfiler": {
    "description": "Internal React render (ms)",
    "raw": [
      1.800000011920929,
      1,
      0.6000000238418579,
      2,
      0.7000000476837158
    ],
    "avg": 1.2200000166893006,
    "min": 0.6000000238418579,
    "max": 2
  }
}