{
  "locale": "en",
  "timestamp": "2026-04-18T21:14:13.686Z",
  "iterations": 5,
  "e2e": {
    "description": "Perceived reactivity (ms)",
    "raw": [
      39.39999997615814,
      75,
      33.5,
      42,
      31.69999998807907
    ],
    "avg": 44.31999999284744,
    "min": 31.69999998807907,
    "max": 75
  },
  "reactProfiler": {
    "description": "Internal React render (ms)",
    "raw": [
      1.800000011920929,
      1.9000000357627869,
      16.5,
      13.400000035762787,
      13.200000047683716
    ],
    "avg": 9.360000026226043,
    "min": 1.800000011920929,
    "max": 16.5
  }
}