{
  "locale": "fr",
  "timestamp": "2026-04-20T01:56:01.157Z",
  "iterations": 5,
  "e2ePageLoad": {
    "description": "PerformanceNavigationTiming.duration — full page load wall-clock time including sub-resources (ms)",
    "raw": [
      19.19999998807907,
      12.299999997019768,
      13.200000002980232,
      13.299999997019768,
      14.299999997019768
    ],
    "avg": 14.459999996423722,
    "min": 12.299999997019768,
    "max": 19.19999998807907
  },
  "hydration": {
    "description": "performance.measure('hydration_duration') — time between hydration_start mark (inline script) and hydration_end mark (useEffect) (ms). 0 means app is not instrumented.",
    "raw": [
      8.200000002980232,
      6.100000008940697,
      6.299999997019768,
      5.5,
      5.9000000059604645
    ],
    "avg": 6.400000002980232,
    "min": 5.5,
    "max": 8.200000002980232
  },
  "reactMount": {
    "description": "React Profiler actualDuration for the mount phase of <AppRoot>. 0 means Profiler is not wired up (ms).",
    "raw": [
      2.0999999940395355,
      0.5999999940395355,
      0.699999988079071,
      0.6000000089406967,
      0.6000000089406967
    ],
    "avg": 0.9199999988079071,
    "min": 0.5999999940395355,
    "max": 2.0999999940395355
  }
}