{
  "locale": "fr",
  "timestamp": "2026-04-15T23:48:26.084Z",
  "iterations": 5,
  "e2e": {
    "description": "Perceived reactivity: time from select change to html[lang] DOM update (ms)",
    "raw": [
      23.900000005960464,
      9.900000005960464,
      25.799999997019768,
      8.900000005960464,
      8.799999997019768
    ],
    "avg": 15.460000002384186,
    "min": 8.799999997019768,
    "max": 25.799999997019768
  },
  "reactProfiler": {
    "description": "Internal React render time: sum of Profiler actualDuration for update phases (ms)",
    "raw": [
      3.2000000029802322,
      2.7000000029802322,
      2.0999999940395355,
      2.2000000029802322,
      1.9000000208616257
    ],
    "avg": 2.4200000047683714,
    "min": 1.9000000208616257,
    "max": 3.2000000029802322
  }
}