{
  "locale": "en",
  "timestamp": "2026-04-15T23:48:21.912Z",
  "iterations": 5,
  "e2e": {
    "description": "Perceived reactivity: time from select change to html[lang] DOM update (ms)",
    "raw": [
      28.400000005960464,
      8.200000002980232,
      8.200000002980232,
      10.900000005960464,
      19.299999997019768
    ],
    "avg": 15.000000002980233,
    "min": 8.200000002980232,
    "max": 28.400000005960464
  },
  "reactProfiler": {
    "description": "Internal React render time: sum of Profiler actualDuration for update phases (ms)",
    "raw": [
      3.2999999970197678,
      2,
      1.7000000029802322,
      2.499999985098839,
      3.999999985098839
    ],
    "avg": 2.6999999940395356,
    "min": 1.7000000029802322,
    "max": 3.999999985098839
  }
}