{
  "locale": "fr",
  "timestamp": "2026-04-18T19:30:13.141Z",
  "iterations": 5,
  "e2e": {
    "description": "Perceived reactivity (ms)",
    "raw": [
      40.89999997615814,
      27.099999964237213,
      27.80000001192093,
      22.100000023841858,
      27.19999998807907
    ],
    "avg": 29.019999992847442,
    "min": 22.100000023841858,
    "max": 40.89999997615814
  },
  "reactProfiler": {
    "description": "Internal React render (ms)",
    "raw": [
      13.599999964237213,
      11.199999988079071,
      11.899999976158142,
      12.900000035762787,
      10.700000047683716
    ],
    "avg": 12.060000002384186,
    "min": 10.700000047683716,
    "max": 13.599999964237213
  }
}