{
  "locale": "en",
  "timestamp": "2026-04-20T01:28:09.879Z",
  "iterations": 5,
  "e2e": {
    "description": "Perceived reactivity (ms)",
    "raw": [
      48.3999999910593,
      27.69999998807907,
      27,
      26.299999997019768,
      26.299999997019768
    ],
    "avg": 31.13999999463558,
    "min": 26.299999997019768,
    "max": 48.3999999910593
  },
  "reactProfiler": {
    "description": "Internal React render (ms)",
    "raw": [
      14.100000008940697,
      10.799999997019768,
      11.5,
      10.900000005960464,
      10.900000005960464
    ],
    "avg": 11.64000000357628,
    "min": 10.799999997019768,
    "max": 14.100000008940697
  }
}