{
  "locale": "fr",
  "timestamp": "2026-04-16T22:09:07.992Z",
  "iterations": 5,
  "e2e": {
    "description": "Perceived reactivity: time from select change to html[lang] DOM update (ms)",
    "raw": [
      17,
      20.30000001192093,
      22.799999982118607,
      23.400000005960464,
      20.30000001192093
    ],
    "avg": 20.760000002384185,
    "min": 17,
    "max": 23.400000005960464
  },
  "reactProfiler": {
    "description": "Internal React render time: sum of Profiler actualDuration for update phases (ms)",
    "raw": [
      0,
      0,
      0,
      0,
      0
    ],
    "avg": 0,
    "min": 0,
    "max": 0
  }
}