{
  "locale": "en",
  "timestamp": "2026-04-16T22:09:03.959Z",
  "iterations": 5,
  "e2e": {
    "description": "Perceived reactivity: time from select change to html[lang] DOM update (ms)",
    "raw": [
      27.80000001192093,
      20.299999982118607,
      20.400000005960464,
      20.19999998807907,
      14.300000011920929
    ],
    "avg": 20.6,
    "min": 14.300000011920929,
    "max": 27.80000001192093
  },
  "reactProfiler": {
    "description": "Internal React render time: sum of Profiler actualDuration for update phases (ms)",
    "raw": [
      0,
      0,
      0,
      0,
      0
    ],
    "avg": 0,
    "min": 0,
    "max": 0
  }
}