{
  "locale": "fr",
  "timestamp": "2026-04-17T23:01:54.120Z",
  "iterations": 5,
  "e2e": {
    "description": "Perceived reactivity (ms)",
    "raw": [
      62.099999994039536,
      8.599999994039536,
      10.599999994039536,
      9.299999982118607,
      8.300000011920929
    ],
    "avg": 19.779999995231627,
    "min": 8.300000011920929,
    "max": 62.099999994039536
  },
  "reactProfiler": {
    "description": "Internal React render (ms)",
    "raw": [
      10.200000017881393,
      2.199999988079071,
      1.7000000178813934,
      1.699999988079071,
      1.7000000178813934
    ],
    "avg": 3.5000000059604646,
    "min": 1.699999988079071,
    "max": 10.200000017881393
  }
}