{
  "locale": "en",
  "timestamp": "2026-04-20T02:20:00.407Z",
  "iterations": 5,
  "e2e": {
    "description": "Perceived reactivity (ms)",
    "raw": [
      28.599999994039536,
      15.5,
      18.899999991059303,
      14.599999994039536,
      16.299999997019768
    ],
    "avg": 18.779999995231627,
    "min": 14.599999994039536,
    "max": 28.599999994039536
  },
  "reactProfiler": {
    "description": "Internal React render (ms)",
    "raw": [
      5.700000002980232,
      4.0999999940395355,
      4.700000002980232,
      3.7000000029802322,
      4.0999999940395355
    ],
    "avg": 4.459999999403953,
    "min": 3.7000000029802322,
    "max": 5.700000002980232
  }
}