{
  "locale": "fr",
  "timestamp": "2026-04-20T02:20:01.522Z",
  "iterations": 5,
  "e2e": {
    "description": "Perceived reactivity (ms)",
    "raw": [
      16,
      17.599999994039536,
      23.099999994039536,
      17.400000005960464,
      13.899999991059303
    ],
    "avg": 17.59999999701977,
    "min": 13.899999991059303,
    "max": 23.099999994039536
  },
  "reactProfiler": {
    "description": "Internal React render (ms)",
    "raw": [
      4.299999997019768,
      4.700000002980232,
      4.5,
      3.5999999940395355,
      3.6000000089406967
    ],
    "avg": 4.1400000005960464,
    "min": 3.5999999940395355,
    "max": 4.700000002980232
  }
}