{
  "locale": "fr",
  "timestamp": "2026-04-20T03:42:13.643Z",
  "iterations": 5,
  "e2ePageLoad": {
    "description": "PerformanceNavigationTiming.duration — full page load wall-clock time including sub-resources (ms)",
    "raw": [
      18.900000005960464,
      12.200000002980232,
      18.5,
      20.399999991059303,
      12.400000005960464
    ],
    "avg": 16.480000001192092,
    "min": 12.200000002980232,
    "max": 20.399999991059303
  },
  "hydration": {
    "description": "performance.measure('hydration_duration') — time between hydration_start mark (inline script) and hydration_end mark (useEffect) (ms). 0 means app is not instrumented.",
    "raw": [
      47.099999994039536,
      18.5,
      15.5,
      19.100000008940697,
      15
    ],
    "avg": 23.040000000596045,
    "min": 15,
    "max": 47.099999994039536
  },
  "reactMount": {
    "description": "React Profiler actualDuration for the mount phase of <AppRoot>. 0 means Profiler is not wired up (ms).",
    "raw": [
      0,
      0,
      0,
      0,
      0
    ],
    "avg": 0,
    "min": 0,
    "max": 0
  }
}