{
  "locale": "en",
  "timestamp": "2026-04-20T01:37:45.570Z",
  "iterations": 5,
  "e2e": {
    "description": "Perceived reactivity (ms)",
    "raw": [
      25.400000005960464,
      18.19999998807907,
      11.200000002980232,
      8.900000005960464,
      12.599999994039536
    ],
    "avg": 15.259999999403954,
    "min": 8.900000005960464,
    "max": 25.400000005960464
  },
  "reactProfiler": {
    "description": "Internal React render (ms)",
    "raw": [
      5.700000002980232,
      3.1000000089406967,
      3.2000000029802322,
      4.299999997019768,
      3.2000000029802322
    ],
    "avg": 3.9000000029802324,
    "min": 3.1000000089406967,
    "max": 5.700000002980232
  }
}