{
  "locale": "fr",
  "timestamp": "2026-04-20T01:37:46.471Z",
  "iterations": 5,
  "e2e": {
    "description": "Perceived reactivity (ms)",
    "raw": [
      18.299999997019768,
      14,
      10.599999994039536,
      9.799999997019768,
      11.099999994039536
    ],
    "avg": 12.759999996423721,
    "min": 9.799999997019768,
    "max": 18.299999997019768
  },
  "reactProfiler": {
    "description": "Internal React render (ms)",
    "raw": [
      4.700000002980232,
      3.5,
      3,
      2.6000000089406967,
      2.9000000059604645
    ],
    "avg": 3.3400000035762787,
    "min": 2.6000000089406967,
    "max": 4.700000002980232
  }
}