{
  "locale": "en",
  "timestamp": "2026-04-20T01:37:41.994Z",
  "iterations": 5,
  "e2ePageLoad": {
    "description": "PerformanceNavigationTiming.duration — full page load wall-clock time including sub-resources (ms)",
    "raw": [
      19.099999994039536,
      14.5,
      12.600000008940697,
      13.800000011920929,
      17.5
    ],
    "avg": 15.500000002980233,
    "min": 12.600000008940697,
    "max": 19.099999994039536
  },
  "hydration": {
    "description": "performance.measure('hydration_duration') — time between hydration_start mark (inline script) and hydration_end mark (useEffect) (ms). 0 means app is not instrumented.",
    "raw": [
      23.200000002980232,
      5.9000000059604645,
      6.399999991059303,
      6,
      5.899999991059303
    ],
    "avg": 9.479999998211861,
    "min": 5.899999991059303,
    "max": 23.200000002980232
  },
  "reactMount": {
    "description": "React Profiler actualDuration for the mount phase of <AppRoot>. 0 means Profiler is not wired up (ms).",
    "raw": [
      15.599999994039536,
      1.2000000029802322,
      2,
      1.2000000029802322,
      1.0999999940395355
    ],
    "avg": 4.219999998807907,
    "min": 1.0999999940395355,
    "max": 15.599999994039536
  }
}