{
  "locale": "fr",
  "timestamp": "2026-04-20T02:42:20.850Z",
  "iterations": 5,
  "e2ePageLoad": {
    "description": "PerformanceNavigationTiming.duration — full page load wall-clock time including sub-resources (ms)",
    "raw": [
      21.400000005960464,
      21.299999997019768,
      20.799999997019768,
      16,
      24.400000005960464
    ],
    "avg": 20.780000001192093,
    "min": 16,
    "max": 24.400000005960464
  },
  "hydration": {
    "description": "performance.measure('hydration_duration') — time between hydration_start mark (inline script) and hydration_end mark (useEffect) (ms). 0 means app is not instrumented.",
    "raw": [
      47.099999994039536,
      30.5,
      23.5,
      22.900000005960464,
      26.400000005960464
    ],
    "avg": 30.080000001192094,
    "min": 22.900000005960464,
    "max": 47.099999994039536
  },
  "reactMount": {
    "description": "React Profiler actualDuration for the mount phase of <AppRoot>. 0 means Profiler is not wired up (ms).",
    "raw": [
      16,
      2.0999999940395355,
      3,
      3.2000000029802322,
      2
    ],
    "avg": 5.259999999403954,
    "min": 2,
    "max": 16
  }
}