{
  "locale": "en",
  "timestamp": "2026-04-20T01:11:38.775Z",
  "iterations": 5,
  "e2e": {
    "description": "Perceived reactivity (ms)",
    "raw": [
      19.299999997019768,
      10.299999997019768,
      11.099999994039536,
      9.200000002980232,
      9.400000005960464
    ],
    "avg": 11.859999999403954,
    "min": 9.200000002980232,
    "max": 19.299999997019768
  },
  "reactProfiler": {
    "description": "Internal React render (ms)",
    "raw": [
      5.200000002980232,
      3,
      3.1000000089406967,
      3,
      3.1000000089406967
    ],
    "avg": 3.480000004172325,
    "min": 3,
    "max": 5.200000002980232
  }
}