{
  "locale": "fr",
  "timestamp": "2026-04-20T01:11:39.544Z",
  "iterations": 5,
  "e2e": {
    "description": "Perceived reactivity (ms)",
    "raw": [
      17,
      8.400000005960464,
      9.099999994039536,
      9.400000005960464,
      9
    ],
    "avg": 10.580000001192094,
    "min": 8.400000005960464,
    "max": 17
  },
  "reactProfiler": {
    "description": "Internal React render (ms)",
    "raw": [
      4.9000000059604645,
      3,
      3.0999999940395355,
      3.0999999940395355,
      3.0999999940395355
    ],
    "avg": 3.439999997615814,
    "min": 3,
    "max": 4.9000000059604645
  }
}