{
  "locale": "fr",
  "timestamp": "2026-04-14T00:05:41.460Z",
  "iterations": 5,
  "e2e": {
    "description": "Perceived reactivity: time from select change to html[lang] DOM update (ms)",
    "raw": [
      7.0999999940395355,
      4.600000023841858,
      4.9000000059604645,
      4.199999988079071,
      4.300000011920929
    ],
    "avg": 5.020000004768372,
    "min": 4.199999988079071,
    "max": 7.0999999940395355
  },
  "reactProfiler": {
    "description": "Internal React render time: sum of Profiler actualDuration for update phases (ms)",
    "raw": [
      0,
      0,
      0,
      0,
      0
    ],
    "avg": 0,
    "min": 0,
    "max": 0
  }
}