{
  "locale": "en",
  "timestamp": "2026-04-14T00:05:37.593Z",
  "iterations": 5,
  "e2e": {
    "description": "Perceived reactivity: time from select change to html[lang] DOM update (ms)",
    "raw": [
      22.099999994039536,
      4.5999999940395355,
      4.300000011920929,
      4.800000011920929,
      4.399999976158142
    ],
    "avg": 8.039999997615814,
    "min": 4.300000011920929,
    "max": 22.099999994039536
  },
  "reactProfiler": {
    "description": "Internal React render time: sum of Profiler actualDuration for update phases (ms)",
    "raw": [
      0,
      0,
      0,
      0,
      0
    ],
    "avg": 0,
    "min": 0,
    "max": 0
  }
}