{
  "locale": "en",
  "timestamp": "2026-04-16T03:21:23.049Z",
  "iterations": 5,
  "e2e": {
    "description": "Perceived reactivity: time from select change to html[lang] DOM update (ms)",
    "raw": [
      93.3999999910593,
      6.5999999940395355,
      6.9000000059604645,
      6.699999988079071,
      6.600000008940697
    ],
    "avg": 24.039999997615816,
    "min": 6.5999999940395355,
    "max": 93.3999999910593
  },
  "reactProfiler": {
    "description": "Internal React render time: sum of Profiler actualDuration for update phases (ms)",
    "raw": [
      1.7000000029802322,
      1.4000000059604645,
      1.3999999910593033,
      1.5,
      1.4999999850988388
    ],
    "avg": 1.4999999970197677,
    "min": 1.3999999910593033,
    "max": 1.7000000029802322
  }
}