{
  "locale": "fr",
  "timestamp": "2026-04-16T03:21:26.949Z",
  "iterations": 5,
  "e2e": {
    "description": "Perceived reactivity: time from select change to html[lang] DOM update (ms)",
    "raw": [
      10.400000005960464,
      7.399999991059303,
      7.100000008940697,
      6.799999997019768,
      8.299999997019768
    ],
    "avg": 8,
    "min": 6.799999997019768,
    "max": 10.400000005960464
  },
  "reactProfiler": {
    "description": "Internal React render time: sum of Profiler actualDuration for update phases (ms)",
    "raw": [
      1.5999999642372131,
      1.4000000208616257,
      1.5,
      1.2999999970197678,
      1.399999961256981
    ],
    "avg": 1.4399999886751176,
    "min": 1.2999999970197678,
    "max": 1.5999999642372131
  }
}