{
  "locale": "en",
  "timestamp": "2026-04-20T01:40:34.685Z",
  "iterations": 5,
  "e2e": {
    "description": "Perceived reactivity (ms)",
    "raw": [
      21.900000005960464,
      14.299999997019768,
      11.599999994039536,
      13.899999991059303,
      12.199999988079071
    ],
    "avg": 14.779999995231629,
    "min": 11.599999994039536,
    "max": 21.900000005960464
  },
  "reactProfiler": {
    "description": "Internal React render (ms)",
    "raw": [
      6.4000000059604645,
      4,
      3.3999999910593033,
      3.2000000029802322,
      4.9000000059604645
    ],
    "avg": 4.3800000011920925,
    "min": 3.2000000029802322,
    "max": 6.4000000059604645
  }
}