{
  "locale": "fr",
  "timestamp": "2026-04-20T01:40:35.533Z",
  "iterations": 5,
  "e2e": {
    "description": "Perceived reactivity (ms)",
    "raw": [
      17.200000002980232,
      12.400000005960464,
      10,
      12.900000005960464,
      13.200000002980232
    ],
    "avg": 13.14000000357628,
    "min": 10,
    "max": 17.200000002980232
  },
  "reactProfiler": {
    "description": "Internal React render (ms)",
    "raw": [
      5.299999997019768,
      3.2000000029802322,
      3.4000000059604645,
      3.2999999970197678,
      3.2999999970197678
    ],
    "avg": 3.7,
    "min": 3.2000000029802322,
    "max": 5.299999997019768
  }
}