{
  "locale": "fr",
  "timestamp": "2026-04-20T01:40:31.842Z",
  "iterations": 5,
  "e2ePageLoad": {
    "description": "PerformanceNavigationTiming.duration — full page load wall-clock time including sub-resources (ms)",
    "raw": [
      21.599999994039536,
      15.5,
      14.200000002980232,
      15.400000005960464,
      14.400000005960464
    ],
    "avg": 16.22000000178814,
    "min": 14.200000002980232,
    "max": 21.599999994039536
  },
  "hydration": {
    "description": "performance.measure('hydration_duration') — time between hydration_start mark (inline script) and hydration_end mark (useEffect) (ms). 0 means app is not instrumented.",
    "raw": [
      19.200000002980232,
      9,
      10.399999991059303,
      5.699999988079071,
      8.099999994039536
    ],
    "avg": 10.479999995231628,
    "min": 5.699999988079071,
    "max": 19.200000002980232
  },
  "reactMount": {
    "description": "React Profiler actualDuration for the mount phase of <AppRoot>. 0 means Profiler is not wired up (ms).",
    "raw": [
      4.4000000059604645,
      1.4000000059604645,
      1.1000000089406967,
      1.0999999940395355,
      1.2000000029802322
    ],
    "avg": 1.8400000035762787,
    "min": 1.0999999940395355,
    "max": 4.4000000059604645
  }
}