{
  "locale": "fr",
  "timestamp": "2026-04-14T00:01:15.278Z",
  "iterations": 5,
  "e2e": {
    "description": "Perceived reactivity: time from select change to html[lang] DOM update (ms)",
    "raw": [
      9.099999994039536,
      8.399999976158142,
      5.0999999940395355,
      5.200000017881393,
      5.4000000059604645
    ],
    "avg": 6.639999997615814,
    "min": 5.0999999940395355,
    "max": 9.099999994039536
  },
  "reactProfiler": {
    "description": "Internal React render time: sum of Profiler actualDuration for update phases (ms)",
    "raw": [
      0,
      0,
      0,
      0,
      0
    ],
    "avg": 0,
    "min": 0,
    "max": 0
  }
}