{
  "locale": "en",
  "timestamp": "2026-04-14T00:01:11.326Z",
  "iterations": 5,
  "e2e": {
    "description": "Perceived reactivity: time from select change to html[lang] DOM update (ms)",
    "raw": [
      11.300000011920929,
      5.299999982118607,
      6.100000023841858,
      7.4000000059604645,
      5.4000000059604645
    ],
    "avg": 7.100000005960465,
    "min": 5.299999982118607,
    "max": 11.300000011920929
  },
  "reactProfiler": {
    "description": "Internal React render time: sum of Profiler actualDuration for update phases (ms)",
    "raw": [
      0,
      0,
      0,
      0,
      0
    ],
    "avg": 0,
    "min": 0,
    "max": 0
  }
}