{
  "locale": "fr",
  "timestamp": "2026-04-16T00:58:23.007Z",
  "iterations": 5,
  "e2e": {
    "description": "Perceived reactivity: time from select change to html[lang] DOM update (ms)",
    "raw": [
      21.399999991059303,
      19.599999994039536,
      30,
      18.299999997019768,
      19
    ],
    "avg": 21.65999999642372,
    "min": 18.299999997019768,
    "max": 30
  },
  "reactProfiler": {
    "description": "Internal React render time: sum of Profiler actualDuration for update phases (ms)",
    "raw": [
      0,
      0,
      0,
      0,
      0
    ],
    "avg": 0,
    "min": 0,
    "max": 0
  }
}