{
  "locale": "en",
  "timestamp": "2026-04-16T00:58:18.553Z",
  "iterations": 5,
  "e2e": {
    "description": "Perceived reactivity: time from select change to html[lang] DOM update (ms)",
    "raw": [
      23.400000005960464,
      19.599999994039536,
      19.100000008940697,
      18.700000002980232,
      18
    ],
    "avg": 19.760000002384185,
    "min": 18,
    "max": 23.400000005960464
  },
  "reactProfiler": {
    "description": "Internal React render time: sum of Profiler actualDuration for update phases (ms)",
    "raw": [
      0,
      0,
      0,
      0,
      0
    ],
    "avg": 0,
    "min": 0,
    "max": 0
  }
}