{
  "locale": "en",
  "timestamp": "2026-04-16T03:34:59.337Z",
  "iterations": 5,
  "e2e": {
    "description": "Perceived reactivity: time from select change to html[lang] DOM update (ms)",
    "raw": [
      29.700000002980232,
      17.30000001192093,
      25.30000001192093,
      17.100000008940697,
      15.700000002980232
    ],
    "avg": 21.020000007748603,
    "min": 15.700000002980232,
    "max": 29.700000002980232
  },
  "reactProfiler": {
    "description": "Internal React render time: sum of Profiler actualDuration for update phases (ms)",
    "raw": [
      0,
      0,
      0,
      0,
      0
    ],
    "avg": 0,
    "min": 0,
    "max": 0
  }
}