{
  "locale": "fr",
  "timestamp": "2026-04-16T03:35:03.565Z",
  "iterations": 5,
  "e2e": {
    "description": "Perceived reactivity: time from select change to html[lang] DOM update (ms)",
    "raw": [
      18.299999997019768,
      27.599999994039536,
      30.599999994039536,
      30.400000005960464,
      27.5
    ],
    "avg": 26.87999999821186,
    "min": 18.299999997019768,
    "max": 30.599999994039536
  },
  "reactProfiler": {
    "description": "Internal React render time: sum of Profiler actualDuration for update phases (ms)",
    "raw": [
      0,
      0,
      0,
      0,
      0
    ],
    "avg": 0,
    "min": 0,
    "max": 0
  }
}