{
  "locale": "fr",
  "timestamp": "2026-04-20T01:57:23.932Z",
  "iterations": 5,
  "e2e": {
    "description": "Perceived reactivity (ms)",
    "raw": [
      13.600000008940697,
      13.200000002980232,
      11.099999994039536,
      9.700000002980232,
      9.899999991059303
    ],
    "avg": 11.5,
    "min": 9.700000002980232,
    "max": 13.600000008940697
  },
  "reactProfiler": {
    "description": "Internal React render (ms)",
    "raw": [
      4.299999997019768,
      3.7000000029802322,
      5,
      3.7999999970197678,
      3.7999999970197678
    ],
    "avg": 4.1199999988079075,
    "min": 3.7000000029802322,
    "max": 5
  }
}