{
  "locale": "en",
  "timestamp": "2026-04-20T01:57:23.024Z",
  "iterations": 5,
  "e2e": {
    "description": "Perceived reactivity (ms)",
    "raw": [
      22.700000002980232,
      13.900000005960464,
      14,
      10.199999988079071,
      9
    ],
    "avg": 13.959999999403953,
    "min": 9,
    "max": 22.700000002980232
  },
  "reactProfiler": {
    "description": "Internal React render (ms)",
    "raw": [
      13.5,
      3.7999999970197678,
      3.4000000059604645,
      3.6000000089406967,
      3.5999999940395355
    ],
    "avg": 5.580000001192093,
    "min": 3.4000000059604645,
    "max": 13.5
  }
}