{
  "locale": "fr",
  "timestamp": "2026-04-12T20:44:20.896Z",
  "iterations": 5,
  "e2e": {
    "description": "Perceived reactivity: time from select change to html[lang] DOM update (ms)",
    "raw": [
      9.100000023841858,
      4.5,
      4.799999982118607,
      5.0999999940395355,
      4.9000000059604645
    ],
    "avg": 5.680000001192093,
    "min": 4.5,
    "max": 9.100000023841858
  },
  "reactProfiler": {
    "description": "Internal React render time: sum of Profiler actualDuration for update phases (ms)",
    "raw": [
      0,
      0,
      0,
      0,
      0
    ],
    "avg": 0,
    "min": 0,
    "max": 0
  }
}