{
  "locale": "fr",
  "timestamp": "2026-04-11T01:41:08.638Z",
  "iterations": 5,
  "e2e": {
    "description": "Perceived reactivity: time from select change to html[lang] DOM update (ms)",
    "raw": [
      30.699999999720603,
      6.399999999906868,
      16.600000000093132,
      15.199999999720603,
      6.399999999906868
    ],
    "avg": 15.059999999869614,
    "min": 6.399999999906868,
    "max": 30.699999999720603
  },
  "reactProfiler": {
    "description": "Internal React render time: sum of Profiler actualDuration for update phases (ms)",
    "raw": [
      0,
      0,
      0,
      0,
      0
    ],
    "avg": 0,
    "min": 0,
    "max": 0
  }
}