{
  "locale": "en",
  "timestamp": "2026-04-11T22:04:28.445Z",
  "iterations": 5,
  "e2e": {
    "description": "Perceived reactivity: time from select change to html[lang] DOM update (ms)",
    "raw": [
      18.200000002980232,
      10.100000008940697,
      9,
      7.0999999940395355,
      5.0999999940395355
    ],
    "avg": 9.9,
    "min": 5.0999999940395355,
    "max": 18.200000002980232
  },
  "reactProfiler": {
    "description": "Internal React render time: sum of Profiler actualDuration for update phases (ms)",
    "raw": [
      0,
      0,
      0,
      0,
      0
    ],
    "avg": 0,
    "min": 0,
    "max": 0
  }
}