{
  "locale": "en",
  "timestamp": "2026-04-11T01:40:55.529Z",
  "iterations": 5,
  "e2e": {
    "description": "Perceived reactivity: time from select change to html[lang] DOM update (ms)",
    "raw": [
      26.199999999720603,
      6.2000000001862645,
      6.599999999627471,
      9,
      8.399999999906868
    ],
    "avg": 11.279999999888242,
    "min": 6.2000000001862645,
    "max": 26.199999999720603
  },
  "reactProfiler": {
    "description": "Internal React render time: sum of Profiler actualDuration for update phases (ms)",
    "raw": [
      0,
      0,
      0,
      0,
      0
    ],
    "avg": 0,
    "min": 0,
    "max": 0
  }
}