{
  "locale": "fr",
  "timestamp": "2026-04-11T22:04:33.127Z",
  "iterations": 5,
  "e2e": {
    "description": "Perceived reactivity: time from select change to html[lang] DOM update (ms)",
    "raw": [
      10.300000011920929,
      5.4000000059604645,
      5,
      10.700000002980232,
      5.300000011920929
    ],
    "avg": 7.340000006556511,
    "min": 5,
    "max": 10.700000002980232
  },
  "reactProfiler": {
    "description": "Internal React render time: sum of Profiler actualDuration for update phases (ms)",
    "raw": [
      0,
      0,
      0,
      0,
      0
    ],
    "avg": 0,
    "min": 0,
    "max": 0
  }
}