{
  "locale": "en",
  "timestamp": "2026-04-12T00:33:41.115Z",
  "iterations": 5,
  "e2e": {
    "description": "Perceived reactivity: time from select change to html[lang] DOM update (ms)",
    "raw": [
      33.70000000298023,
      8.900000005960464,
      5,
      4.300000011920929,
      4.699999988079071
    ],
    "avg": 11.32000000178814,
    "min": 4.300000011920929,
    "max": 33.70000000298023
  },
  "reactProfiler": {
    "description": "Internal React render time: sum of Profiler actualDuration for update phases (ms)",
    "raw": [
      0,
      0,
      0,
      0,
      0
    ],
    "avg": 0,
    "min": 0,
    "max": 0
  }
}