{
  "locale": "en",
  "timestamp": "2026-04-12T20:44:16.990Z",
  "iterations": 5,
  "e2e": {
    "description": "Perceived reactivity: time from select change to html[lang] DOM update (ms)",
    "raw": [
      15.599999994039536,
      5.5,
      5.5999999940395355,
      4.9000000059604645,
      6.699999988079071
    ],
    "avg": 7.659999996423721,
    "min": 4.9000000059604645,
    "max": 15.599999994039536
  },
  "reactProfiler": {
    "description": "Internal React render time: sum of Profiler actualDuration for update phases (ms)",
    "raw": [
      0,
      0,
      0,
      0,
      0
    ],
    "avg": 0,
    "min": 0,
    "max": 0
  }
}