{
  "locale": "en",
  "timestamp": "2026-04-14T00:15:58.977Z",
  "iterations": 5,
  "e2e": {
    "description": "Perceived reactivity: time from select change to html[lang] DOM update (ms)",
    "raw": [
      30,
      27.200000017881393,
      21.400000005960464,
      14.600000023841858,
      10.099999994039536
    ],
    "avg": 20.66000000834465,
    "min": 10.099999994039536,
    "max": 30
  },
  "reactProfiler": {
    "description": "Internal React render time: sum of Profiler actualDuration for update phases (ms)",
    "raw": [
      0,
      0,
      0,
      0,
      0
    ],
    "avg": 0,
    "min": 0,
    "max": 0
  }
}