{
  "locale": "fr",
  "timestamp": "2026-04-15T23:51:38.659Z",
  "iterations": 5,
  "e2e": {
    "description": "Perceived reactivity: time from select change to html[lang] DOM update (ms)",
    "raw": [
      12.900000005960464,
      8.400000005960464,
      11.700000002980232,
      7.200000002980232,
      11
    ],
    "avg": 10.240000003576279,
    "min": 7.200000002980232,
    "max": 12.900000005960464
  },
  "reactProfiler": {
    "description": "Internal React render time: sum of Profiler actualDuration for update phases (ms)",
    "raw": [
      0,
      0,
      0,
      0,
      0
    ],
    "avg": 0,
    "min": 0,
    "max": 0
  }
}