{
  "locale": "en",
  "timestamp": "2026-04-15T23:51:34.642Z",
  "iterations": 5,
  "e2e": {
    "description": "Perceived reactivity: time from select change to html[lang] DOM update (ms)",
    "raw": [
      14.400000005960464,
      10.299999997019768,
      7.700000002980232,
      8.5,
      7.200000002980232
    ],
    "avg": 9.620000001788139,
    "min": 7.200000002980232,
    "max": 14.400000005960464
  },
  "reactProfiler": {
    "description": "Internal React render time: sum of Profiler actualDuration for update phases (ms)",
    "raw": [
      0,
      0,
      0,
      0,
      0
    ],
    "avg": 0,
    "min": 0,
    "max": 0
  }
}