{
  "locale": "fr",
  "timestamp": "2026-04-14T00:16:02.900Z",
  "iterations": 5,
  "e2e": {
    "description": "Perceived reactivity: time from select change to html[lang] DOM update (ms)",
    "raw": [
      12.700000017881393,
      9,
      10,
      11.200000017881393,
      11.599999994039536
    ],
    "avg": 10.900000005960464,
    "min": 9,
    "max": 12.700000017881393
  },
  "reactProfiler": {
    "description": "Internal React render time: sum of Profiler actualDuration for update phases (ms)",
    "raw": [
      0,
      0,
      0,
      0,
      0
    ],
    "avg": 0,
    "min": 0,
    "max": 0
  }
}