{
  "locale": "en",
  "timestamp": "2026-04-12T22:00:29.249Z",
  "iterations": 5,
  "e2e": {
    "description": "Perceived reactivity: time from select change to html[lang] DOM update (ms)",
    "raw": [
      16.80000001192093,
      9.300000011920929,
      10.099999994039536,
      10.199999988079071,
      8.5
    ],
    "avg": 10.980000001192092,
    "min": 8.5,
    "max": 16.80000001192093
  },
  "reactProfiler": {
    "description": "Internal React render time: sum of Profiler actualDuration for update phases (ms)",
    "raw": [
      0,
      0,
      0,
      0,
      0
    ],
    "avg": 0,
    "min": 0,
    "max": 0
  }
}