{
  "locale": "fr",
  "timestamp": "2026-04-12T22:00:33.176Z",
  "iterations": 5,
  "e2e": {
    "description": "Perceived reactivity: time from select change to html[lang] DOM update (ms)",
    "raw": [
      11,
      9.400000005960464,
      9,
      8.800000011920929,
      13.699999988079071
    ],
    "avg": 10.380000001192093,
    "min": 8.800000011920929,
    "max": 13.699999988079071
  },
  "reactProfiler": {
    "description": "Internal React render time: sum of Profiler actualDuration for update phases (ms)",
    "raw": [
      0,
      0,
      0,
      0,
      0
    ],
    "avg": 0,
    "min": 0,
    "max": 0
  }
}