{
  "locale": "en",
  "timestamp": "2026-04-12T22:18:51.189Z",
  "iterations": 5,
  "e2e": {
    "description": "Perceived reactivity: time from select change to html[lang] DOM update (ms)",
    "raw": [
      9.200000017881393,
      5.5,
      6.699999988079071,
      5.5,
      5.800000011920929
    ],
    "avg": 6.540000003576279,
    "min": 5.5,
    "max": 9.200000017881393
  },
  "reactProfiler": {
    "description": "Internal React render time: sum of Profiler actualDuration for update phases (ms)",
    "raw": [
      0,
      0,
      0,
      0,
      0
    ],
    "avg": 0,
    "min": 0,
    "max": 0
  }
}