{
  "locale": "fr",
  "timestamp": "2026-04-12T21:02:49.104Z",
  "iterations": 5,
  "e2e": {
    "description": "Perceived reactivity: time from select change to html[lang] DOM update (ms)",
    "raw": [
      8.700000017881393,
      10.699999988079071,
      5.0999999940395355,
      4.4000000059604645,
      6.4000000059604645
    ],
    "avg": 7.060000002384186,
    "min": 4.4000000059604645,
    "max": 10.699999988079071
  },
  "reactProfiler": {
    "description": "Internal React render time: sum of Profiler actualDuration for update phases (ms)",
    "raw": [
      0,
      0,
      0,
      0,
      0
    ],
    "avg": 0,
    "min": 0,
    "max": 0
  }
}