{
  "locale": "en",
  "timestamp": "2026-04-18T21:03:52.293Z",
  "iterations": 5,
  "e2e": {
    "description": "Perceived reactivity (ms)",
    "raw": [
      135.69999998807907,
      43.80000001192093,
      59.799999952316284,
      39.799999952316284,
      21.399999976158142
    ],
    "avg": 60.099999976158145,
    "min": 21.399999976158142,
    "max": 135.69999998807907
  },
  "reactProfiler": {
    "description": "Internal React render (ms)",
    "raw": [
      8.200000047683716,
      5.199999988079071,
      5.100000023841858,
      4.799999952316284,
      5
    ],
    "avg": 5.660000002384185,
    "min": 4.799999952316284,
    "max": 8.200000047683716
  }
}