{
  "locale": "fr",
  "timestamp": "2026-04-18T21:03:53.907Z",
  "iterations": 5,
  "e2e": {
    "description": "Perceived reactivity (ms)",
    "raw": [
      39.69999998807907,
      37.40000003576279,
      24.299999952316284,
      27.69999998807907,
      20.799999952316284
    ],
    "avg": 29.979999983310698,
    "min": 20.799999952316284,
    "max": 39.69999998807907
  },
  "reactProfiler": {
    "description": "Internal React render (ms)",
    "raw": [
      5.800000011920929,
      5.100000023841858,
      5.099999964237213,
      5,
      5.099999964237213
    ],
    "avg": 5.219999992847443,
    "min": 5,
    "max": 5.800000011920929
  }
}