{
  "locale": "fr",
  "timestamp": "2026-04-20T03:50:56.322Z",
  "iterations": 5,
  "e2e": {
    "description": "Perceived reactivity (ms)",
    "raw": [
      212.70000000298023,
      113.5,
      112.3999999910593,
      176.70000000298023,
      111.70000000298023
    ],
    "avg": 145.4,
    "min": 111.70000000298023,
    "max": 212.70000000298023
  },
  "reactProfiler": {
    "description": "Internal React render (ms)",
    "raw": [
      11,
      2.4000000059604645,
      2.2000000029802322,
      0,
      2.4000000059604645
    ],
    "avg": 3.600000002980232,
    "min": 0,
    "max": 11
  }
}