{
  "locale": "en",
  "timestamp": "2026-04-20T03:48:50.449Z",
  "iterations": 5,
  "e2ePageLoad": {
    "description": "PerformanceNavigationTiming.duration — full page load wall-clock time including sub-resources (ms)",
    "raw": [
      15.299999997019768,
      15,
      14.400000005960464,
      13.900000005960464,
      14.400000005960464
    ],
    "avg": 14.600000002980233,
    "min": 13.900000005960464,
    "max": 15.299999997019768
  },
  "hydration": {
    "description": "performance.measure('hydration_duration') — time between hydration_start mark (inline script) and hydration_end mark (useEffect) (ms). 0 means app is not instrumented.",
    "raw": [
      44.5,
      22.600000008940697,
      17.200000002980232,
      15.700000002980232,
      17.700000002980232
    ],
    "avg": 23.540000003576278,
    "min": 15.700000002980232,
    "max": 44.5
  },
  "reactMount": {
    "description": "React Profiler actualDuration for the mount phase of <AppRoot>. 0 means Profiler is not wired up (ms).",
    "raw": [
      0,
      0,
      0,
      0,
      0
    ],
    "avg": 0,
    "min": 0,
    "max": 0
  }
}