{
  "locale": "fr",
  "timestamp": "2026-04-16T03:43:03.324Z",
  "iterations": 5,
  "e2e": {
    "description": "Perceived reactivity: time from select change to html[lang] DOM update (ms)",
    "raw": [
      14.5,
      15.200000002980232,
      22.5,
      10.899999991059303,
      11.299999997019768
    ],
    "avg": 14.879999998211861,
    "min": 10.899999991059303,
    "max": 22.5
  },
  "reactProfiler": {
    "description": "Internal React render time: sum of Profiler actualDuration for update phases (ms)",
    "raw": [
      0,
      0,
      0,
      0,
      0
    ],
    "avg": 0,
    "min": 0,
    "max": 0
  }
}