{
  "locale": "en",
  "timestamp": "2026-04-16T03:42:59.292Z",
  "iterations": 5,
  "e2e": {
    "description": "Perceived reactivity: time from select change to html[lang] DOM update (ms)",
    "raw": [
      18.900000005960464,
      15.5,
      13.099999994039536,
      12,
      22.099999994039536
    ],
    "avg": 16.31999999880791,
    "min": 12,
    "max": 22.099999994039536
  },
  "reactProfiler": {
    "description": "Internal React render time: sum of Profiler actualDuration for update phases (ms)",
    "raw": [
      0,
      0,
      0,
      0,
      0
    ],
    "avg": 0,
    "min": 0,
    "max": 0
  }
}