{
  "locale": "en",
  "timestamp": "2026-04-14T00:08:54.647Z",
  "iterations": 5,
  "e2e": {
    "description": "Perceived reactivity: time from select change to html[lang] DOM update (ms)",
    "raw": [
      19.69999998807907,
      10.400000005960464,
      9.099999994039536,
      9.399999976158142,
      13.199999988079071
    ],
    "avg": 12.359999990463256,
    "min": 9.099999994039536,
    "max": 19.69999998807907
  },
  "reactProfiler": {
    "description": "Internal React render time: sum of Profiler actualDuration for update phases (ms)",
    "raw": [
      0,
      0,
      0,
      0,
      0
    ],
    "avg": 0,
    "min": 0,
    "max": 0
  }
}