{
  "locale": "fr",
  "timestamp": "2026-04-14T00:08:58.614Z",
  "iterations": 5,
  "e2e": {
    "description": "Perceived reactivity: time from select change to html[lang] DOM update (ms)",
    "raw": [
      22.100000023841858,
      10.199999988079071,
      11.699999988079071,
      9.799999982118607,
      9.099999994039536
    ],
    "avg": 12.579999995231628,
    "min": 9.099999994039536,
    "max": 22.100000023841858
  },
  "reactProfiler": {
    "description": "Internal React render time: sum of Profiler actualDuration for update phases (ms)",
    "raw": [
      0,
      0,
      0,
      0,
      0
    ],
    "avg": 0,
    "min": 0,
    "max": 0
  }
}