{
  "locale": "en",
  "timestamp": "2026-04-14T00:11:08.647Z",
  "iterations": 5,
  "e2e": {
    "description": "Perceived reactivity: time from select change to html[lang] DOM update (ms)",
    "raw": [
      63.900000005960464,
      8.099999994039536,
      8.099999994039536,
      12.099999994039536,
      8.199999988079071
    ],
    "avg": 20.079999995231628,
    "min": 8.099999994039536,
    "max": 63.900000005960464
  },
  "reactProfiler": {
    "description": "Internal React render time: sum of Profiler actualDuration for update phases (ms)",
    "raw": [
      0,
      0,
      0,
      0,
      0
    ],
    "avg": 0,
    "min": 0,
    "max": 0
  }
}