{
  "locale": "fr",
  "timestamp": "2026-04-14T00:11:13.259Z",
  "iterations": 5,
  "e2e": {
    "description": "Perceived reactivity: time from select change to html[lang] DOM update (ms)",
    "raw": [
      22.299999982118607,
      11.700000017881393,
      7.300000011920929,
      6.800000011920929,
      8.300000011920929
    ],
    "avg": 11.280000007152557,
    "min": 6.800000011920929,
    "max": 22.299999982118607
  },
  "reactProfiler": {
    "description": "Internal React render time: sum of Profiler actualDuration for update phases (ms)",
    "raw": [
      0,
      0,
      0,
      0,
      0
    ],
    "avg": 0,
    "min": 0,
    "max": 0
  }
}