{
  "locale": "fr",
  "timestamp": "2026-04-13T08:40:21.739Z",
  "iterations": 5,
  "e2e": {
    "description": "Perceived reactivity: time from select change to html[lang] DOM update (ms)",
    "raw": [
      6.5,
      4.5999999940395355,
      3.5999999940395355,
      4.200000017881393,
      4.0999999940395355
    ],
    "avg": 4.6,
    "min": 3.5999999940395355,
    "max": 6.5
  },
  "reactProfiler": {
    "description": "Internal React render time: sum of Profiler actualDuration for update phases (ms)",
    "raw": [
      0,
      0,
      0,
      0,
      0
    ],
    "avg": 0,
    "min": 0,
    "max": 0
  }
}