{
  "locale": "en",
  "timestamp": "2026-04-13T08:40:17.880Z",
  "iterations": 5,
  "e2e": {
    "description": "Perceived reactivity: time from select change to html[lang] DOM update (ms)",
    "raw": [
      7.699999988079071,
      3.800000011920929,
      4,
      3.9000000059604645,
      3.800000011920929
    ],
    "avg": 4.6400000035762785,
    "min": 3.800000011920929,
    "max": 7.699999988079071
  },
  "reactProfiler": {
    "description": "Internal React render time: sum of Profiler actualDuration for update phases (ms)",
    "raw": [
      0,
      0,
      0,
      0,
      0
    ],
    "avg": 0,
    "min": 0,
    "max": 0
  }
}