{
  "locale": "fr",
  "timestamp": "2026-04-16T03:25:42.869Z",
  "iterations": 5,
  "e2e": {
    "description": "Perceived reactivity: time from select change to html[lang] DOM update (ms)",
    "raw": [
      13.399999991059303,
      10.200000002980232,
      9.399999991059303,
      12.100000008940697,
      9.299999997019768
    ],
    "avg": 10.879999998211861,
    "min": 9.299999997019768,
    "max": 13.399999991059303
  },
  "reactProfiler": {
    "description": "Internal React render time: sum of Profiler actualDuration for update phases (ms)",
    "raw": [
      0,
      0,
      0,
      0,
      0
    ],
    "avg": 0,
    "min": 0,
    "max": 0
  }
}