{
  "locale": "en",
  "timestamp": "2026-04-15T08:44:43.769Z",
  "iterations": 5,
  "e2e": {
    "description": "Perceived reactivity: time from select change to html[lang] DOM update (ms)",
    "raw": [
      26.80000000447035,
      11.600000001490116,
      20.700000002980232,
      13.800000004470348,
      14.300000004470348
    ],
    "avg": 17.44000000357628,
    "min": 11.600000001490116,
    "max": 26.80000000447035
  },
  "reactProfiler": {
    "description": "Internal React render time: sum of Profiler actualDuration for update phases (ms)",
    "raw": [
      0,
      0,
      0,
      0,
      0
    ],
    "avg": 0,
    "min": 0,
    "max": 0
  }
}