{
  "locale": "en",
  "timestamp": "2026-04-16T03:25:38.555Z",
  "iterations": 5,
  "e2e": {
    "description": "Perceived reactivity: time from select change to html[lang] DOM update (ms)",
    "raw": [
      15,
      9.900000005960464,
      9.700000002980232,
      9.799999997019768,
      9.599999994039536
    ],
    "avg": 10.8,
    "min": 9.599999994039536,
    "max": 15
  },
  "reactProfiler": {
    "description": "Internal React render time: sum of Profiler actualDuration for update phases (ms)",
    "raw": [
      0,
      0,
      0,
      0,
      0
    ],
    "avg": 0,
    "min": 0,
    "max": 0
  }
}