{
  "locale": "fr",
  "timestamp": "2026-04-15T08:44:47.834Z",
  "iterations": 5,
  "e2e": {
    "description": "Perceived reactivity: time from select change to html[lang] DOM update (ms)",
    "raw": [
      15.099999994039536,
      17,
      19.100000001490116,
      15.299999997019768,
      13.699999995529652
    ],
    "avg": 16.039999997615816,
    "min": 13.699999995529652,
    "max": 19.100000001490116
  },
  "reactProfiler": {
    "description": "Internal React render time: sum of Profiler actualDuration for update phases (ms)",
    "raw": [
      0,
      0,
      0,
      0,
      0
    ],
    "avg": 0,
    "min": 0,
    "max": 0
  }
}