{
  "locale": "en",
  "timestamp": "2026-04-16T21:08:13.929Z",
  "iterations": 5,
  "e2e": {
    "description": "Perceived reactivity: time from select change to html[lang] DOM update (ms)",
    "raw": [
      13.099999994039536,
      8.600000023841858,
      8.799999982118607,
      8.799999982118607,
      9.799999982118607
    ],
    "avg": 9.819999992847443,
    "min": 8.600000023841858,
    "max": 13.099999994039536
  },
  "reactProfiler": {
    "description": "Internal React render time: sum of Profiler actualDuration for update phases (ms)",
    "raw": [
      0,
      0,
      0,
      0,
      0
    ],
    "avg": 0,
    "min": 0,
    "max": 0
  }
}