{
  "locale": "en",
  "timestamp": "2026-04-15T08:49:11.439Z",
  "iterations": 5,
  "e2e": {
    "description": "Perceived reactivity: time from select change to html[lang] DOM update (ms)",
    "raw": [
      222,
      11.299999997019768,
      9.100000001490116,
      10.300000004470348,
      10.600000001490116
    ],
    "avg": 52.66000000089407,
    "min": 9.100000001490116,
    "max": 222
  },
  "reactProfiler": {
    "description": "Internal React render time: sum of Profiler actualDuration for update phases (ms)",
    "raw": [
      0,
      0,
      0,
      0,
      0
    ],
    "avg": 0,
    "min": 0,
    "max": 0
  }
}