{
  "locale": "fr",
  "timestamp": "2026-04-15T08:49:16.695Z",
  "iterations": 5,
  "e2e": {
    "description": "Perceived reactivity: time from select change to html[lang] DOM update (ms)",
    "raw": [
      14,
      9.700000002980232,
      8.399999998509884,
      9.199999995529652,
      9.899999998509884
    ],
    "avg": 10.23999999910593,
    "min": 8.399999998509884,
    "max": 14
  },
  "reactProfiler": {
    "description": "Internal React render time: sum of Profiler actualDuration for update phases (ms)",
    "raw": [
      0,
      0,
      0,
      0,
      0
    ],
    "avg": 0,
    "min": 0,
    "max": 0
  }
}