{
  "locale": "fr",
  "timestamp": "2026-04-14T00:10:10.546Z",
  "iterations": 5,
  "e2e": {
    "description": "Perceived reactivity: time from select change to html[lang] DOM update (ms)",
    "raw": [
      7.5999999940395355,
      5,
      4.4000000059604645,
      4.399999976158142,
      4.5999999940395355
    ],
    "avg": 5.199999994039535,
    "min": 4.399999976158142,
    "max": 7.5999999940395355
  },
  "reactProfiler": {
    "description": "Internal React render time: sum of Profiler actualDuration for update phases (ms)",
    "raw": [
      0,
      0,
      0,
      0,
      0
    ],
    "avg": 0,
    "min": 0,
    "max": 0
  }
}