{
  "locale": "en",
  "timestamp": "2026-04-14T00:10:06.623Z",
  "iterations": 5,
  "e2e": {
    "description": "Perceived reactivity: time from select change to html[lang] DOM update (ms)",
    "raw": [
      23,
      4.4000000059604645,
      4.700000017881393,
      5.700000017881393,
      4.799999982118607
    ],
    "avg": 8.520000004768372,
    "min": 4.4000000059604645,
    "max": 23
  },
  "reactProfiler": {
    "description": "Internal React render time: sum of Profiler actualDuration for update phases (ms)",
    "raw": [
      0,
      0,
      0,
      0,
      0
    ],
    "avg": 0,
    "min": 0,
    "max": 0
  }
}