{
  "locale": "en",
  "timestamp": "2026-04-13T05:09:56.492Z",
  "iterations": 5,
  "e2e": {
    "description": "Perceived reactivity: time from select change to html[lang] DOM update (ms)",
    "raw": [
      32.69999998807907,
      9,
      6.5,
      9.700000017881393,
      6.799999982118607
    ],
    "avg": 12.939999997615814,
    "min": 6.5,
    "max": 32.69999998807907
  },
  "reactProfiler": {
    "description": "Internal React render time: sum of Profiler actualDuration for update phases (ms)",
    "raw": [
      0,
      0,
      0,
      0,
      0
    ],
    "avg": 0,
    "min": 0,
    "max": 0
  }
}