{
  "locale": "fr",
  "timestamp": "2026-04-14T00:03:58.004Z",
  "iterations": 5,
  "e2e": {
    "description": "Perceived reactivity: time from select change to html[lang] DOM update (ms)",
    "raw": [
      10.199999988079071,
      5.800000011920929,
      5.9000000059604645,
      6.0999999940395355,
      6.299999982118607
    ],
    "avg": 6.8599999964237215,
    "min": 5.800000011920929,
    "max": 10.199999988079071
  },
  "reactProfiler": {
    "description": "Internal React render time: sum of Profiler actualDuration for update phases (ms)",
    "raw": [
      0,
      0,
      0,
      0,
      0
    ],
    "avg": 0,
    "min": 0,
    "max": 0
  }
}