{
  "locale": "en",
  "timestamp": "2026-04-14T00:03:54.139Z",
  "iterations": 5,
  "e2e": {
    "description": "Perceived reactivity: time from select change to html[lang] DOM update (ms)",
    "raw": [
      64.5,
      8.799999982118607,
      6.9000000059604645,
      6.699999988079071,
      6.300000011920929
    ],
    "avg": 18.639999997615813,
    "min": 6.300000011920929,
    "max": 64.5
  },
  "reactProfiler": {
    "description": "Internal React render time: sum of Profiler actualDuration for update phases (ms)",
    "raw": [
      0,
      0,
      0,
      0,
      0
    ],
    "avg": 0,
    "min": 0,
    "max": 0
  }
}