{
  "locale": "fr",
  "timestamp": "2026-04-13T05:10:00.370Z",
  "iterations": 5,
  "e2e": {
    "description": "Perceived reactivity: time from select change to html[lang] DOM update (ms)",
    "raw": [
      10.599999994039536,
      5.9000000059604645,
      5.9000000059604645,
      6.9000000059604645,
      6.199999988079071
    ],
    "avg": 7.1,
    "min": 5.9000000059604645,
    "max": 10.599999994039536
  },
  "reactProfiler": {
    "description": "Internal React render time: sum of Profiler actualDuration for update phases (ms)",
    "raw": [
      0,
      0,
      0,
      0,
      0
    ],
    "avg": 0,
    "min": 0,
    "max": 0
  }
}