{
  "locale": "en",
  "timestamp": "2026-04-20T01:38:29.915Z",
  "iterations": 5,
  "e2e": {
    "description": "Perceived reactivity (ms)",
    "raw": [
      18.799999997019768,
      10.699999988079071,
      14.700000002980232,
      12.799999997019768,
      12.299999997019768
    ],
    "avg": 13.85999999642372,
    "min": 10.699999988079071,
    "max": 18.799999997019768
  },
  "reactProfiler": {
    "description": "Internal React render (ms)",
    "raw": [
      5.4000000059604645,
      4.0999999940395355,
      5,
      3.9000000059604645,
      3.699999988079071
    ],
    "avg": 4.419999998807907,
    "min": 3.699999988079071,
    "max": 5.4000000059604645
  }
}