{
  "locale": "fr",
  "timestamp": "2026-04-20T01:38:30.948Z",
  "iterations": 5,
  "e2e": {
    "description": "Perceived reactivity (ms)",
    "raw": [
      17.799999997019768,
      9.799999997019768,
      9,
      12.399999991059303,
      12.199999988079071
    ],
    "avg": 12.239999994635582,
    "min": 9,
    "max": 17.799999997019768
  },
  "reactProfiler": {
    "description": "Internal React render (ms)",
    "raw": [
      5.100000008940697,
      3.4000000059604645,
      3.1000000089406967,
      3,
      3.5
    ],
    "avg": 3.6200000047683716,
    "min": 3,
    "max": 5.100000008940697
  }
}