{
  "locale": "fr",
  "timestamp": "2026-04-16T22:06:36.299Z",
  "iterations": 5,
  "e2e": {
    "description": "Perceived reactivity: time from select change to html[lang] DOM update (ms)",
    "raw": [
      5.800000011920929,
      3.5,
      3.600000023841858,
      3.4000000059604645,
      3.5999999940395355
    ],
    "avg": 3.980000007152557,
    "min": 3.4000000059604645,
    "max": 5.800000011920929
  },
  "reactProfiler": {
    "description": "Internal React render time: sum of Profiler actualDuration for update phases (ms)",
    "raw": [
      1.899999976158142,
      1.4000000357627869,
      1,
      1.1999999582767487,
      1.5
    ],
    "avg": 1.3999999940395356,
    "min": 1,
    "max": 1.899999976158142
  }
}