{
  "locale": "en",
  "timestamp": "2026-04-16T22:06:32.331Z",
  "iterations": 5,
  "e2e": {
    "description": "Perceived reactivity: time from select change to html[lang] DOM update (ms)",
    "raw": [
      6.5,
      3.5999999940395355,
      3.5,
      3.699999988079071,
      3.399999976158142
    ],
    "avg": 4.139999991655349,
    "min": 3.399999976158142,
    "max": 6.5
  },
  "reactProfiler": {
    "description": "Internal React render time: sum of Profiler actualDuration for update phases (ms)",
    "raw": [
      1.800000011920929,
      1.5,
      1.2999999821186066,
      1.2999999821186066,
      1.399999976158142
    ],
    "avg": 1.4599999904632568,
    "min": 1.2999999821186066,
    "max": 1.800000011920929
  }
}