{
  "locale": "en",
  "timestamp": "2026-04-12T00:35:03.758Z",
  "iterations": 5,
  "e2e": {
    "description": "Perceived reactivity: time from select change to html[lang] DOM update (ms)",
    "raw": [
      7.399999991059303,
      3.5,
      3.5,
      3.6000000089406967,
      3.2999999970197678
    ],
    "avg": 4.259999999403954,
    "min": 3.2999999970197678,
    "max": 7.399999991059303
  },
  "reactProfiler": {
    "description": "Internal React render time: sum of Profiler actualDuration for update phases (ms)",
    "raw": [
      0,
      0,
      0,
      0,
      0
    ],
    "avg": 0,
    "min": 0,
    "max": 0
  }
}