{
  "locale": "en",
  "timestamp": "2026-04-11T01:39:42.990Z",
  "iterations": 5,
  "e2e": {
    "description": "Perceived reactivity: time from select change to html[lang] DOM update (ms)",
    "raw": [
      7.199999999720603,
      3.900000000372529,
      4.7000000001862645,
      4.2999999998137355,
      4
    ],
    "avg": 4.820000000018626,
    "min": 3.900000000372529,
    "max": 7.199999999720603
  },
  "reactProfiler": {
    "description": "Internal React render time: sum of Profiler actualDuration for update phases (ms)",
    "raw": [
      0,
      0,
      0,
      0,
      0
    ],
    "avg": 0,
    "min": 0,
    "max": 0
  }
}