{
  "locale": "fr",
  "timestamp": "2026-04-11T22:04:33.014Z",
  "iterations": 5,
  "e2e": {
    "description": "Perceived reactivity: time from select change to html[lang] DOM update (ms)",
    "raw": [
      7.799999997019768,
      3.5,
      4.399999991059303,
      4,
      3.5999999940395355
    ],
    "avg": 4.659999996423721,
    "min": 3.5,
    "max": 7.799999997019768
  },
  "reactProfiler": {
    "description": "Internal React render time: sum of Profiler actualDuration for update phases (ms)",
    "raw": [
      0,
      0,
      0,
      0,
      0
    ],
    "avg": 0,
    "min": 0,
    "max": 0
  }
}