{
  "locale": "en",
  "timestamp": "2026-04-11T22:04:28.479Z",
  "iterations": 5,
  "e2e": {
    "description": "Perceived reactivity: time from select change to html[lang] DOM update (ms)",
    "raw": [
      7.299999997019768,
      4,
      3.7000000029802322,
      4.5,
      3.800000011920929
    ],
    "avg": 4.660000002384185,
    "min": 3.7000000029802322,
    "max": 7.299999997019768
  },
  "reactProfiler": {
    "description": "Internal React render time: sum of Profiler actualDuration for update phases (ms)",
    "raw": [
      0,
      0,
      0,
      0,
      0
    ],
    "avg": 0,
    "min": 0,
    "max": 0
  }
}