{
  "locale": "fr",
  "timestamp": "2026-04-11T01:40:11.558Z",
  "iterations": 5,
  "e2e": {
    "description": "Perceived reactivity: time from select change to html[lang] DOM update (ms)",
    "raw": [
      6.900000000372529,
      4,
      4.2999999998137355,
      3.8000000002793968,
      6.899999999906868
    ],
    "avg": 5.1800000000745055,
    "min": 3.8000000002793968,
    "max": 6.900000000372529
  },
  "reactProfiler": {
    "description": "Internal React render time: sum of Profiler actualDuration for update phases (ms)",
    "raw": [
      0,
      0,
      0,
      0,
      0
    ],
    "avg": 0,
    "min": 0,
    "max": 0
  }
}