{
  "locale": "fr",
  "timestamp": "2026-04-12T00:35:07.759Z",
  "iterations": 5,
  "e2e": {
    "description": "Perceived reactivity: time from select change to html[lang] DOM update (ms)",
    "raw": [
      5.9000000059604645,
      3.7000000029802322,
      3.5,
      3.4000000059604645,
      3.1000000089406967
    ],
    "avg": 3.9200000047683714,
    "min": 3.1000000089406967,
    "max": 5.9000000059604645
  },
  "reactProfiler": {
    "description": "Internal React render time: sum of Profiler actualDuration for update phases (ms)",
    "raw": [
      0,
      0,
      0,
      0,
      0
    ],
    "avg": 0,
    "min": 0,
    "max": 0
  }
}