{
  "locale": "en",
  "timestamp": "2026-04-20T21:54:15.763Z",
  "iterations": 5,
  "e2e": {
    "description": "Perceived reactivity (ms)",
    "raw": [
      24.19999998807907,
      9.5,
      10.699999988079071,
      10.200000017881393,
      11.099999994039536
    ],
    "avg": 13.139999997615813,
    "min": 9.5,
    "max": 24.19999998807907
  },
  "reactProfiler": {
    "description": "Internal React render (ms)",
    "raw": [
      8.099999964237213,
      5.4000000059604645,
      4.9000000059604645,
      6.0999999940395355,
      5.300000011920929
    ],
    "avg": 5.959999996423721,
    "min": 4.9000000059604645,
    "max": 8.099999964237213
  }
}