{
  "locale": "fr",
  "timestamp": "2026-04-20T21:54:16.740Z",
  "iterations": 5,
  "e2e": {
    "description": "Perceived reactivity (ms)",
    "raw": [
      14.5,
      11,
      10.799999982118607,
      10.800000011920929,
      10.800000011920929
    ],
    "avg": 11.580000001192094,
    "min": 10.799999982118607,
    "max": 14.5
  },
  "reactProfiler": {
    "description": "Internal React render (ms)",
    "raw": [
      6.399999976158142,
      5.0999999940395355,
      6.399999976158142,
      5.0999999940395355,
      6.699999988079071
    ],
    "avg": 5.939999985694885,
    "min": 5.0999999940395355,
    "max": 6.699999988079071
  }
}