{
  "locale": "en",
  "timestamp": "2026-04-20T21:54:11.985Z",
  "iterations": 5,
  "e2ePageLoad": {
    "description": "PerformanceNavigationTiming.duration — full page load wall-clock time including sub-resources (ms)",
    "raw": [
      27,
      13.300000011920929,
      12.599999994039536,
      12.400000005960464,
      14.200000017881393
    ],
    "avg": 15.900000005960464,
    "min": 12.400000005960464,
    "max": 27
  },
  "hydration": {
    "description": "performance.measure('hydration_duration') — time between hydration_start mark (inline script) and hydration_end mark (useEffect) (ms). 0 means app is not instrumented.",
    "raw": [
      47.099999994039536,
      7.9000000059604645,
      6.800000011920929,
      7.0999999940395355,
      7.199999988079071
    ],
    "avg": 15.219999998807907,
    "min": 6.800000011920929,
    "max": 47.099999994039536
  },
  "reactMount": {
    "description": "React Profiler actualDuration for the mount phase of <AppRoot>. 0 means Profiler is not wired up (ms).",
    "raw": [
      5.300000011920929,
      1.0999999940395355,
      1.0999999940395355,
      1.100000023841858,
      1.199999988079071
    ],
    "avg": 1.9600000023841857,
    "min": 1.0999999940395355,
    "max": 5.300000011920929
  }
}