{
  "locale": "en",
  "timestamp": "2026-04-15T22:14:17.715Z",
  "iterations": 5,
  "e2e": {
    "description": "Perceived reactivity: time from select change to html[lang] DOM update (ms)",
    "raw": [
      6.300000011920929,
      2.7000000029802322,
      2.5,
      2.699999988079071,
      2.9000000059604645
    ],
    "avg": 3.4200000017881393,
    "min": 2.5,
    "max": 6.300000011920929
  },
  "reactProfiler": {
    "description": "Internal React render time: sum of Profiler actualDuration for update phases (ms)",
    "raw": [
      1.0999999791383743,
      0.9000000059604645,
      0.9000000059604645,
      1,
      0.9999999850988388
    ],
    "avg": 0.9799999952316284,
    "min": 0.9000000059604645,
    "max": 1.0999999791383743
  }
}