{
  "locale": "fr",
  "timestamp": "2026-04-12T20:43:29.526Z",
  "iterations": 5,
  "e2e": {
    "description": "Perceived reactivity: time from select change to html[lang] DOM update (ms)",
    "raw": [
      11.5,
      5.800000011920929,
      6.399999976158142,
      7.9000000059604645,
      6
    ],
    "avg": 7.519999998807907,
    "min": 5.800000011920929,
    "max": 11.5
  },
  "reactProfiler": {
    "description": "Internal React render time: sum of Profiler actualDuration for update phases (ms)",
    "raw": [
      0,
      0,
      0,
      0,
      0
    ],
    "avg": 0,
    "min": 0,
    "max": 0
  }
}