{
  "locale": "en",
  "timestamp": "2026-04-12T20:43:23.245Z",
  "iterations": 5,
  "e2e": {
    "description": "Perceived reactivity: time from select change to html[lang] DOM update (ms)",
    "raw": [
      10.199999988079071,
      4.9000000059604645,
      5.4000000059604645,
      5.700000017881393,
      8.400000005960464
    ],
    "avg": 6.920000004768371,
    "min": 4.9000000059604645,
    "max": 10.199999988079071
  },
  "reactProfiler": {
    "description": "Internal React render time: sum of Profiler actualDuration for update phases (ms)",
    "raw": [
      0,
      0,
      0,
      0,
      0
    ],
    "avg": 0,
    "min": 0,
    "max": 0
  }
}