{
  "locale": "en",
  "timestamp": "2026-04-12T04:59:40.583Z",
  "iterations": 5,
  "e2e": {
    "description": "Perceived reactivity: time from select change to html[lang] DOM update (ms)",
    "raw": [
      10.600000008940697,
      8.199999988079071,
      4.399999991059303,
      7.700000002980232,
      3.7000000029802322
    ],
    "avg": 6.919999998807907,
    "min": 3.7000000029802322,
    "max": 10.600000008940697
  },
  "reactProfiler": {
    "description": "Internal React render time: sum of Profiler actualDuration for update phases (ms)",
    "raw": [
      0,
      0,
      0,
      0,
      0
    ],
    "avg": 0,
    "min": 0,
    "max": 0
  }
}