{
  "locale": "en",
  "timestamp": "2026-04-14T00:13:58.031Z",
  "iterations": 5,
  "e2e": {
    "description": "Perceived reactivity: time from select change to html[lang] DOM update (ms)",
    "raw": [
      6.4000000059604645,
      2.5999999940395355,
      2.5999999940395355,
      3,
      3
    ],
    "avg": 3.519999998807907,
    "min": 2.5999999940395355,
    "max": 6.4000000059604645
  },
  "reactProfiler": {
    "description": "Internal React render time: sum of Profiler actualDuration for update phases (ms)",
    "raw": [
      0,
      0,
      0,
      0,
      0
    ],
    "avg": 0,
    "min": 0,
    "max": 0
  }
}