{
  "locale": "fr",
  "timestamp": "2026-04-14T00:14:01.972Z",
  "iterations": 5,
  "e2e": {
    "description": "Perceived reactivity: time from select change to html[lang] DOM update (ms)",
    "raw": [
      7.300000011920929,
      2.800000011920929,
      2.699999988079071,
      2.800000011920929,
      2.9000000059604645
    ],
    "avg": 3.7000000059604643,
    "min": 2.699999988079071,
    "max": 7.300000011920929
  },
  "reactProfiler": {
    "description": "Internal React render time: sum of Profiler actualDuration for update phases (ms)",
    "raw": [
      0,
      0,
      0,
      0,
      0
    ],
    "avg": 0,
    "min": 0,
    "max": 0
  }
}