{
  "locale": "en",
  "timestamp": "2026-04-16T03:46:06.024Z",
  "iterations": 5,
  "e2e": {
    "description": "Perceived reactivity: time from select change to html[lang] DOM update (ms)",
    "raw": [
      80.40000000596046,
      10.400000005960464,
      6.299999997019768,
      6.5999999940395355,
      13.799999997019768
    ],
    "avg": 23.5,
    "min": 6.299999997019768,
    "max": 80.40000000596046
  },
  "reactProfiler": {
    "description": "Internal React render time: sum of Profiler actualDuration for update phases (ms)",
    "raw": [
      1.699999988079071,
      1.2999999970197678,
      0.9999999850988388,
      0.8999999910593033,
      1.6000000089406967
    ],
    "avg": 1.2999999940395355,
    "min": 0.8999999910593033,
    "max": 1.699999988079071
  }
}