{
  "locale": "en",
  "timestamp": "2026-04-13T08:38:55.184Z",
  "iterations": 5,
  "e2e": {
    "description": "Perceived reactivity: time from select change to html[lang] DOM update (ms)",
    "raw": [
      8.099999994039536,
      3.4000000059604645,
      3.699999988079071,
      2.800000011920929,
      2.7000000178813934
    ],
    "avg": 4.1400000035762785,
    "min": 2.7000000178813934,
    "max": 8.099999994039536
  },
  "reactProfiler": {
    "description": "Internal React render time: sum of Profiler actualDuration for update phases (ms)",
    "raw": [
      0,
      0,
      0,
      0,
      0
    ],
    "avg": 0,
    "min": 0,
    "max": 0
  }
}