{
  "locale": "fr",
  "timestamp": "2026-04-13T08:38:59.148Z",
  "iterations": 5,
  "e2e": {
    "description": "Perceived reactivity: time from select change to html[lang] DOM update (ms)",
    "raw": [
      7.199999988079071,
      3.399999976158142,
      3.2000000178813934,
      3.5999999940395355,
      3.2000000178813934
    ],
    "avg": 4.1199999988079075,
    "min": 3.2000000178813934,
    "max": 7.199999988079071
  },
  "reactProfiler": {
    "description": "Internal React render time: sum of Profiler actualDuration for update phases (ms)",
    "raw": [
      0,
      0,
      0,
      0,
      0
    ],
    "avg": 0,
    "min": 0,
    "max": 0
  }
}