{
  "locale": "fr",
  "timestamp": "2026-04-18T20:40:05.080Z",
  "iterations": 5,
  "e2e": {
    "description": "Perceived reactivity (ms)",
    "raw": [
      18.799999952316284,
      18.100000023841858,
      11.899999976158142,
      13.699999988079071,
      14.699999988079071
    ],
    "avg": 15.439999985694886,
    "min": 11.899999976158142,
    "max": 18.799999952316284
  },
  "reactProfiler": {
    "description": "Internal React render (ms)",
    "raw": [
      5.599999964237213,
      4.100000023841858,
      3.700000047683716,
      4.200000047683716,
      3.600000023841858
    ],
    "avg": 4.240000021457672,
    "min": 3.600000023841858,
    "max": 5.599999964237213
  }
}