{
  "locale": "en",
  "timestamp": "2026-04-18T20:40:00.318Z",
  "iterations": 5,
  "e2e": {
    "description": "Perceived reactivity (ms)",
    "raw": [
      19.900000035762787,
      37.299999952316284,
      25.19999998807907,
      60.39999997615814,
      59.10000002384186
    ],
    "avg": 40.37999999523163,
    "min": 19.900000035762787,
    "max": 60.39999997615814
  },
  "reactProfiler": {
    "description": "Internal React render (ms)",
    "raw": [
      5.600000023841858,
      4.800000011920929,
      4.799999952316284,
      4.799999952316284,
      4.300000011920929
    ],
    "avg": 4.8599999904632565,
    "min": 4.300000011920929,
    "max": 5.600000023841858
  }
}