{
  "locale": "en",
  "timestamp": "2026-04-14T00:02:31.589Z",
  "iterations": 5,
  "e2e": {
    "description": "Perceived reactivity: time from select change to html[lang] DOM update (ms)",
    "raw": [
      33.099999994039536,
      8.900000005960464,
      8.300000011920929,
      8.799999982118607,
      8.199999988079071
    ],
    "avg": 13.459999996423722,
    "min": 8.199999988079071,
    "max": 33.099999994039536
  },
  "reactProfiler": {
    "description": "Internal React render time: sum of Profiler actualDuration for update phases (ms)",
    "raw": [
      0,
      0,
      0,
      0,
      0
    ],
    "avg": 0,
    "min": 0,
    "max": 0
  }
}