{
  "locale": "en",
  "timestamp": "2026-04-18T20:39:47.008Z",
  "iterations": 5,
  "e2e": {
    "description": "Perceived reactivity (ms)",
    "raw": [
      29.80000001192093,
      26.30000001192093,
      13.300000011920929,
      80.69999998807907,
      14.600000023841858
    ],
    "avg": 32.940000009536746,
    "min": 13.300000011920929,
    "max": 80.69999998807907
  },
  "reactProfiler": {
    "description": "Internal React render (ms)",
    "raw": [
      4.800000011920929,
      4.199999988079071,
      3.699999988079071,
      4.699999988079071,
      4.300000011920929
    ],
    "avg": 4.339999997615815,
    "min": 3.699999988079071,
    "max": 4.800000011920929
  }
}