{
  "locale": "fr",
  "timestamp": "2026-04-18T20:39:49.813Z",
  "iterations": 5,
  "e2e": {
    "description": "Perceived reactivity (ms)",
    "raw": [
      50.69999998807907,
      28,
      84.39999997615814,
      48.299999952316284,
      44.90000003576279
    ],
    "avg": 51.25999999046326,
    "min": 28,
    "max": 84.39999997615814
  },
  "reactProfiler": {
    "description": "Internal React render (ms)",
    "raw": [
      4.599999964237213,
      4.5,
      4.899999976158142,
      5.099999964237213,
      4.700000047683716
    ],
    "avg": 4.759999990463257,
    "min": 4.5,
    "max": 5.099999964237213
  }
}