{
  "locale": "fr",
  "timestamp": "2026-04-18T20:23:39.865Z",
  "iterations": 5,
  "e2e": {
    "description": "Perceived reactivity (ms)",
    "raw": [
      53.69999998807907,
      11.599999964237213,
      12.5,
      16.900000035762787,
      10.600000023841858
    ],
    "avg": 21.060000002384186,
    "min": 10.600000023841858,
    "max": 53.69999998807907
  },
  "reactProfiler": {
    "description": "Internal React render (ms)",
    "raw": [
      24.30000001192093,
      0,
      2.300000011920929,
      3.100000023841858,
      2.300000011920929
    ],
    "avg": 6.400000011920929,
    "min": 0,
    "max": 24.30000001192093
  }
}