{
  "locale": "fr",
  "timestamp": "2026-04-20T03:10:05.937Z",
  "iterations": 5,
  "e2ePageLoad": {
    "description": "PerformanceNavigationTiming.duration — full page load wall-clock time including sub-resources (ms)",
    "raw": [
      20.200000002980232,
      70.5,
      28.099999994039536,
      19.799999997019768,
      17.5
    ],
    "avg": 31.219999998807907,
    "min": 17.5,
    "max": 70.5
  },
  "hydration": {
    "description": "performance.measure('hydration_duration') — time between hydration_start mark (inline script) and hydration_end mark (useEffect) (ms). 0 means app is not instrumented.",
    "raw": [
      57.3999999910593,
      92.29999999701977,
      28.299999997019768,
      24,
      23.200000002980232
    ],
    "avg": 45.039999997615816,
    "min": 23.200000002980232,
    "max": 92.29999999701977
  },
  "reactMount": {
    "description": "React Profiler actualDuration for the mount phase of <AppRoot>. 0 means Profiler is not wired up (ms).",
    "raw": [
      15.799999997019768,
      4.299999997019768,
      2.6000000089406967,
      2.7999999970197678,
      2.7000000029802322
    ],
    "avg": 5.6400000005960464,
    "min": 2.6000000089406967,
    "max": 15.799999997019768
  }
}