{
  "locale": "fr",
  "timestamp": "2026-04-12T03:34:44.809Z",
  "iterations": 5,
  "e2e": {
    "description": "Perceived reactivity: time from select change to html[lang] DOM update (ms)",
    "raw": [
      11.299999997019768,
      5.399999991059303,
      7.700000002980232,
      10.099999994039536,
      10.700000002980232
    ],
    "avg": 9.039999997615814,
    "min": 5.399999991059303,
    "max": 11.299999997019768
  },
  "reactProfiler": {
    "description": "Internal React render time: sum of Profiler actualDuration for update phases (ms)",
    "raw": [
      0,
      0,
      0,
      0,
      0
    ],
    "avg": 0,
    "min": 0,
    "max": 0
  }
}