{
  "locale": "en",
  "timestamp": "2026-04-12T03:34:40.891Z",
  "iterations": 5,
  "e2e": {
    "description": "Perceived reactivity: time from select change to html[lang] DOM update (ms)",
    "raw": [
      14.299999997019768,
      5.5,
      10.600000008940697,
      4.4000000059604645,
      10.200000002980232
    ],
    "avg": 9.000000002980233,
    "min": 4.4000000059604645,
    "max": 14.299999997019768
  },
  "reactProfiler": {
    "description": "Internal React render time: sum of Profiler actualDuration for update phases (ms)",
    "raw": [
      0,
      0,
      0,
      0,
      0
    ],
    "avg": 0,
    "min": 0,
    "max": 0
  }
}