{
  "locale": "fr",
  "timestamp": "2026-04-16T21:05:35.178Z",
  "iterations": 5,
  "e2e": {
    "description": "Perceived reactivity: time from select change to html[lang] DOM update (ms)",
    "raw": [
      11.699999988079071,
      9.700000017881393,
      8.600000023841858,
      9.5,
      8
    ],
    "avg": 9.500000005960464,
    "min": 8,
    "max": 11.699999988079071
  },
  "reactProfiler": {
    "description": "Internal React render time: sum of Profiler actualDuration for update phases (ms)",
    "raw": [
      0,
      0,
      0,
      0,
      0
    ],
    "avg": 0,
    "min": 0,
    "max": 0
  }
}