{
  "locale": "en",
  "timestamp": "2026-04-15T21:57:28.745Z",
  "iterations": 5,
  "e2e": {
    "description": "Perceived reactivity: time from select change to html[lang] DOM update (ms)",
    "raw": [
      14.299999997019768,
      10.399999991059303,
      10.799999997019768,
      15.300000011920929,
      19.799999997019768
    ],
    "avg": 14.119999998807907,
    "min": 10.399999991059303,
    "max": 19.799999997019768
  },
  "reactProfiler": {
    "description": "Internal React render time: sum of Profiler actualDuration for update phases (ms)",
    "raw": [
      0,
      0,
      0,
      0,
      0
    ],
    "avg": 0,
    "min": 0,
    "max": 0
  }
}