{
  "locale": "en",
  "timestamp": "2026-04-16T21:05:31.091Z",
  "iterations": 5,
  "e2e": {
    "description": "Perceived reactivity: time from select change to html[lang] DOM update (ms)",
    "raw": [
      13.400000005960464,
      8,
      9.199999988079071,
      8.699999988079071,
      9.199999988079071
    ],
    "avg": 9.699999994039535,
    "min": 8,
    "max": 13.400000005960464
  },
  "reactProfiler": {
    "description": "Internal React render time: sum of Profiler actualDuration for update phases (ms)",
    "raw": [
      0,
      0,
      0,
      0,
      0
    ],
    "avg": 0,
    "min": 0,
    "max": 0
  }
}