{
  "locale": "fr",
  "timestamp": "2026-04-15T21:57:32.993Z",
  "iterations": 5,
  "e2e": {
    "description": "Perceived reactivity: time from select change to html[lang] DOM update (ms)",
    "raw": [
      11.900000005960464,
      8,
      7.700000002980232,
      11.099999994039536,
      8.5
    ],
    "avg": 9.440000000596047,
    "min": 7.700000002980232,
    "max": 11.900000005960464
  },
  "reactProfiler": {
    "description": "Internal React render time: sum of Profiler actualDuration for update phases (ms)",
    "raw": [
      0,
      0,
      0,
      0,
      0
    ],
    "avg": 0,
    "min": 0,
    "max": 0
  }
}