{
  "locale": "en",
  "timestamp": "2026-04-20T02:14:35.556Z",
  "iterations": 5,
  "e2e": {
    "description": "Perceived reactivity (ms)",
    "raw": [
      28.80000001192093,
      14.100000008940697,
      14.5,
      12.400000005960464,
      12.899999991059303
    ],
    "avg": 16.540000003576278,
    "min": 12.400000005960464,
    "max": 28.80000001192093
  },
  "reactProfiler": {
    "description": "Internal React render (ms)",
    "raw": [
      34.30000001192093,
      3.9000000059604645,
      3.6000000089406967,
      3.7000000029802322,
      3.800000011920929
    ],
    "avg": 9.86000000834465,
    "min": 3.6000000089406967,
    "max": 34.30000001192093
  }
}