{
  "locale": "fr",
  "timestamp": "2026-04-20T02:14:36.553Z",
  "iterations": 5,
  "e2e": {
    "description": "Perceived reactivity (ms)",
    "raw": [
      17.700000002980232,
      11,
      12.700000002980232,
      11.399999991059303,
      10.799999997019768
    ],
    "avg": 12.719999998807907,
    "min": 10.799999997019768,
    "max": 17.700000002980232
  },
  "reactProfiler": {
    "description": "Internal React render (ms)",
    "raw": [
      4.5,
      3.5999999940395355,
      3.9000000059604645,
      3.699999988079071,
      4
    ],
    "avg": 3.939999997615814,
    "min": 3.5999999940395355,
    "max": 4.5
  }
}