{
  "locale": "en",
  "timestamp": "2026-04-20T02:15:19.163Z",
  "iterations": 5,
  "e2ePageLoad": {
    "description": "PerformanceNavigationTiming.duration — full page load wall-clock time including sub-resources (ms)",
    "raw": [
      19.5,
      14.699999988079071,
      14.600000008940697,
      15.400000005960464,
      14.099999994039536
    ],
    "avg": 15.659999999403954,
    "min": 14.099999994039536,
    "max": 19.5
  },
  "hydration": {
    "description": "performance.measure('hydration_duration') — time between hydration_start mark (inline script) and hydration_end mark (useEffect) (ms). 0 means app is not instrumented.",
    "raw": [
      25.900000005960464,
      8.100000008940697,
      8.100000008940697,
      7.700000002980232,
      8.599999994039536
    ],
    "avg": 11.680000004172324,
    "min": 7.700000002980232,
    "max": 25.900000005960464
  },
  "reactMount": {
    "description": "React Profiler actualDuration for the mount phase of <AppRoot>. 0 means Profiler is not wired up (ms).",
    "raw": [
      17.700000002980232,
      1.5999999940395355,
      1.6000000089406967,
      1.5999999940395355,
      1.5999999940395355
    ],
    "avg": 4.819999998807907,
    "min": 1.5999999940395355,
    "max": 17.700000002980232
  }
}