{
  "locale": "fr",
  "timestamp": "2026-04-12T20:43:33.858Z",
  "iterations": 5,
  "e2e": {
    "description": "Perceived reactivity: time from select change to html[lang] DOM update (ms)",
    "raw": [
      15.700000017881393,
      10,
      7.199999988079071,
      6.9000000059604645,
      8.299999982118607
    ],
    "avg": 9.619999998807907,
    "min": 6.9000000059604645,
    "max": 15.700000017881393
  },
  "reactProfiler": {
    "description": "Internal React render time: sum of Profiler actualDuration for update phases (ms)",
    "raw": [
      0,
      0,
      0,
      0,
      0
    ],
    "avg": 0,
    "min": 0,
    "max": 0
  }
}