{
  "locale": "en",
  "timestamp": "2026-04-12T20:43:29.312Z",
  "iterations": 5,
  "e2e": {
    "description": "Perceived reactivity: time from select change to html[lang] DOM update (ms)",
    "raw": [
      15,
      8.5,
      8.700000017881393,
      6.799999982118607,
      8.200000017881393
    ],
    "avg": 9.440000003576278,
    "min": 6.799999982118607,
    "max": 15
  },
  "reactProfiler": {
    "description": "Internal React render time: sum of Profiler actualDuration for update phases (ms)",
    "raw": [
      0,
      0,
      0,
      0,
      0
    ],
    "avg": 0,
    "min": 0,
    "max": 0
  }
}