{
  "locale": "en",
  "timestamp": "2026-04-12T00:35:08.793Z",
  "iterations": 5,
  "e2e": {
    "description": "Perceived reactivity: time from select change to html[lang] DOM update (ms)",
    "raw": [
      12.399999991059303,
      7.200000002980232,
      6.200000002980232,
      6.200000002980232,
      6.299999997019768
    ],
    "avg": 7.659999999403953,
    "min": 6.200000002980232,
    "max": 12.399999991059303
  },
  "reactProfiler": {
    "description": "Internal React render time: sum of Profiler actualDuration for update phases (ms)",
    "raw": [
      0,
      0,
      0,
      0,
      0
    ],
    "avg": 0,
    "min": 0,
    "max": 0
  }
}