{
  "locale": "en",
  "timestamp": "2026-04-11T22:04:28.490Z",
  "iterations": 5,
  "e2e": {
    "description": "Perceived reactivity: time from select change to html[lang] DOM update (ms)",
    "raw": [
      29.299999997019768,
      10,
      15.300000011920929,
      11,
      8.599999994039536
    ],
    "avg": 14.840000000596046,
    "min": 8.599999994039536,
    "max": 29.299999997019768
  },
  "reactProfiler": {
    "description": "Internal React render time: sum of Profiler actualDuration for update phases (ms)",
    "raw": [
      0,
      0,
      0,
      0,
      0
    ],
    "avg": 0,
    "min": 0,
    "max": 0
  }
}