{
  "locale": "fr",
  "timestamp": "2026-04-11T22:04:33.143Z",
  "iterations": 5,
  "e2e": {
    "description": "Perceived reactivity: time from select change to html[lang] DOM update (ms)",
    "raw": [
      13.700000002980232,
      7.700000002980232,
      7.700000002980232,
      7.5,
      7
    ],
    "avg": 8.72000000178814,
    "min": 7,
    "max": 13.700000002980232
  },
  "reactProfiler": {
    "description": "Internal React render time: sum of Profiler actualDuration for update phases (ms)",
    "raw": [
      0,
      0,
      0,
      0,
      0
    ],
    "avg": 0,
    "min": 0,
    "max": 0
  }
}