{
  "locale": "fr",
  "timestamp": "2026-04-11T01:40:50.224Z",
  "iterations": 5,
  "e2e": {
    "description": "Perceived reactivity: time from select change to html[lang] DOM update (ms)",
    "raw": [
      46.200000000186265,
      21.899999999906868,
      19.399999999906868,
      10.5,
      9.700000000186265
    ],
    "avg": 21.540000000037253,
    "min": 9.700000000186265,
    "max": 46.200000000186265
  },
  "reactProfiler": {
    "description": "Internal React render time: sum of Profiler actualDuration for update phases (ms)",
    "raw": [
      0,
      0,
      0,
      0,
      0
    ],
    "avg": 0,
    "min": 0,
    "max": 0
  }
}