{
  "locale": "fr",
  "timestamp": "2026-04-20T04:20:05.510Z",
  "iterations": 5,
  "e2e": {
    "description": "Perceived reactivity (ms)",
    "raw": [
      16.900000005960464,
      5.300000011920929,
      5,
      5,
      6.399999991059303
    ],
    "avg": 7.720000001788139,
    "min": 5,
    "max": 16.900000005960464
  },
  "reactProfiler": {
    "description": "Internal React render (ms)",
    "raw": [
      3.4000000059604645,
      0,
      0,
      0,
      1.5999999940395355
    ],
    "avg": 1,
    "min": 0,
    "max": 3.4000000059604645
  }
}