{
  "locale": "en",
  "timestamp": "2026-04-20T04:20:04.708Z",
  "iterations": 5,
  "e2e": {
    "description": "Perceived reactivity (ms)",
    "raw": [
      19.099999994039536,
      7.899999991059303,
      5.5999999940395355,
      4,
      5.899999991059303
    ],
    "avg": 8.499999994039536,
    "min": 4,
    "max": 19.099999994039536
  },
  "reactProfiler": {
    "description": "Internal React render (ms)",
    "raw": [
      3.699999988079071,
      1.5999999940395355,
      0,
      0,
      0
    ],
    "avg": 1.0599999964237212,
    "min": 0,
    "max": 3.699999988079071
  }
}