{
  "locale": "fr",
  "timestamp": "2026-04-20T04:20:00.671Z",
  "iterations": 5,
  "e2ePageLoad": {
    "description": "PerformanceNavigationTiming.duration — full page load wall-clock time including sub-resources (ms)",
    "raw": [
      15.099999994039536,
      12.600000008940697,
      13,
      13.099999994039536,
      13.700000002980232
    ],
    "avg": 13.5,
    "min": 12.600000008940697,
    "max": 15.099999994039536
  },
  "hydration": {
    "description": "performance.measure('hydration_duration') — time between hydration_start mark (inline script) and hydration_end mark (useEffect) (ms). 0 means app is not instrumented.",
    "raw": [
      42.80000001192093,
      16.900000005960464,
      11.700000002980232,
      10.799999997019768,
      12.100000008940697
    ],
    "avg": 18.86000000536442,
    "min": 10.799999997019768,
    "max": 42.80000001192093
  },
  "reactMount": {
    "description": "React Profiler actualDuration for the mount phase of <AppRoot>. 0 means Profiler is not wired up (ms).",
    "raw": [
      11.799999997019768,
      1.3999999910593033,
      1.5,
      1.5,
      1.300000011920929
    ],
    "avg": 3.5,
    "min": 1.300000011920929,
    "max": 11.799999997019768
  }
}