{
  "locale": "en",
  "timestamp": "2026-04-01T23:38:47.913Z",
  "iterations": 5,
  "e2e": {
    "description": "Perceived reactivity: time from select change to html[lang] DOM update (ms)",
    "raw": [
      5,
      2,
      1.9000000357627869,
      1.800000011920929,
      1.899999976158142
    ],
    "avg": 2.5200000047683715,
    "min": 1.800000011920929,
    "max": 5
  },
  "reactProfiler": {
    "description": "Internal React render time: sum of Profiler actualDuration for update phases (ms)",
    "raw": [
      0,
      0,
      0,
      0,
      0
    ],
    "avg": 0,
    "min": 0,
    "max": 0
  }
}