{
  "locale": "fr",
  "timestamp": "2026-04-01T23:38:51.729Z",
  "iterations": 5,
  "e2e": {
    "description": "Perceived reactivity: time from select change to html[lang] DOM update (ms)",
    "raw": [
      4.199999988079071,
      2,
      1.800000011920929,
      1.800000011920929,
      1.800000011920929
    ],
    "avg": 2.3200000047683718,
    "min": 1.800000011920929,
    "max": 4.199999988079071
  },
  "reactProfiler": {
    "description": "Internal React render time: sum of Profiler actualDuration for update phases (ms)",
    "raw": [
      0,
      0,
      0,
      0,
      0
    ],
    "avg": 0,
    "min": 0,
    "max": 0
  }
}