{
  "locale": "fr",
  "timestamp": "2026-04-20T02:31:45.153Z",
  "iterations": 5,
  "e2ePageLoad": {
    "description": "PerformanceNavigationTiming.duration — full page load wall-clock time including sub-resources (ms)",
    "raw": [
      21.200000002980232,
      18.299999997019768,
      21.099999994039536,
      19.299999997019768,
      18.5
    ],
    "avg": 19.679999998211862,
    "min": 18.299999997019768,
    "max": 21.200000002980232
  },
  "hydration": {
    "description": "performance.measure('hydration_duration') — time between hydration_start mark (inline script) and hydration_end mark (useEffect) (ms). 0 means app is not instrumented.",
    "raw": [
      44.79999999701977,
      30.5,
      21.399999991059303,
      21.799999997019768,
      29.19999998807907
    ],
    "avg": 29.539999994635583,
    "min": 21.399999991059303,
    "max": 44.79999999701977
  },
  "reactMount": {
    "description": "React Profiler actualDuration for the mount phase of <AppRoot>. 0 means Profiler is not wired up (ms).",
    "raw": [
      20.399999991059303,
      1.5999999940395355,
      1.7000000029802322,
      2.5,
      1.5
    ],
    "avg": 5.539999997615814,
    "min": 1.5,
    "max": 20.399999991059303
  }
}