{
  "locale": "fr",
  "timestamp": "2026-04-12T00:35:18.434Z",
  "iterations": 5,
  "e2e": {
    "description": "Perceived reactivity: time from select change to html[lang] DOM update (ms)",
    "raw": [
      4.4000000059604645,
      2.2000000029802322,
      2.5,
      2.1000000089406967,
      2.199999988079071
    ],
    "avg": 2.680000001192093,
    "min": 2.1000000089406967,
    "max": 4.4000000059604645
  },
  "reactProfiler": {
    "description": "Internal React render time: sum of Profiler actualDuration for update phases (ms)",
    "raw": [
      0,
      0,
      0,
      0,
      0
    ],
    "avg": 0,
    "min": 0,
    "max": 0
  }
}