{
  "locale": "fr",
  "timestamp": "2026-04-11T01:40:12.076Z",
  "iterations": 5,
  "e2e": {
    "description": "Perceived reactivity: time from select change to html[lang] DOM update (ms)",
    "raw": [
      6,
      3.6999999997206032,
      2.7000000001862645,
      2.7999999998137355,
      2.6000000000931323
    ],
    "avg": 3.559999999962747,
    "min": 2.6000000000931323,
    "max": 6
  },
  "reactProfiler": {
    "description": "Internal React render time: sum of Profiler actualDuration for update phases (ms)",
    "raw": [
      0,
      0,
      0,
      0,
      0
    ],
    "avg": 0,
    "min": 0,
    "max": 0
  }
}