{
  "locale": "en",
  "timestamp": "2026-04-19T02:15:18.592Z",
  "iterations": 5,
  "e2e": {
    "description": "Perceived reactivity (ms)",
    "raw": [
      42.10000002384186,
      21.400000035762787,
      15.399999976158142,
      20.900000035762787,
      81.30000001192093
    ],
    "avg": 36.2200000166893,
    "min": 15.399999976158142,
    "max": 81.30000001192093
  },
  "reactProfiler": {
    "description": "Internal React render (ms)",
    "raw": [
      4.399999976158142,
      3.800000011920929,
      4,
      3.800000011920929,
      3.899999976158142
    ],
    "avg": 3.9799999952316285,
    "min": 3.800000011920929,
    "max": 4.399999976158142
  }
}