{
  "locale": "fr",
  "timestamp": "2026-04-20T02:49:44.556Z",
  "iterations": 5,
  "e2ePageLoad": {
    "description": "PerformanceNavigationTiming.duration — full page load wall-clock time including sub-resources (ms)",
    "raw": [
      15,
      13.799999997019768,
      15.400000005960464,
      14.100000008940697,
      19.599999994039536
    ],
    "avg": 15.580000001192094,
    "min": 13.799999997019768,
    "max": 19.599999994039536
  },
  "hydration": {
    "description": "performance.measure('hydration_duration') — time between hydration_start mark (inline script) and hydration_end mark (useEffect) (ms). 0 means app is not instrumented.",
    "raw": [
      35.29999999701977,
      20.80000001192093,
      14.799999997019768,
      13.800000011920929,
      16.200000002980232
    ],
    "avg": 20.180000004172324,
    "min": 13.800000011920929,
    "max": 35.29999999701977
  },
  "reactMount": {
    "description": "React Profiler actualDuration for the mount phase of <AppRoot>. 0 means Profiler is not wired up (ms).",
    "raw": [
      0,
      0,
      0,
      0,
      0
    ],
    "avg": 0,
    "min": 0,
    "max": 0
  }
}