{
  "locale": "fr",
  "timestamp": "2026-04-15T08:48:56.409Z",
  "iterations": 5,
  "e2e": {
    "description": "Perceived reactivity: time from select change to html[lang] DOM update (ms)",
    "raw": [
      13.200000002980232,
      13.5,
      14.899999998509884,
      9.200000002980232,
      15.599999994039536
    ],
    "avg": 13.279999999701976,
    "min": 9.200000002980232,
    "max": 15.599999994039536
  },
  "reactProfiler": {
    "description": "Internal React render time: sum of Profiler actualDuration for update phases (ms)",
    "raw": [
      0,
      0,
      0,
      0,
      0
    ],
    "avg": 0,
    "min": 0,
    "max": 0
  }
}