{
  "locale": "en",
  "timestamp": "2026-04-16T03:32:11.786Z",
  "iterations": 5,
  "e2e": {
    "description": "Perceived reactivity: time from select change to html[lang] DOM update (ms)",
    "raw": [
      26.099999994039536,
      20,
      12.799999997019768,
      17.299999997019768,
      13.5
    ],
    "avg": 17.939999997615814,
    "min": 12.799999997019768,
    "max": 26.099999994039536
  },
  "reactProfiler": {
    "description": "Internal React render time: sum of Profiler actualDuration for update phases (ms)",
    "raw": [
      0,
      0,
      0,
      0,
      0
    ],
    "avg": 0,
    "min": 0,
    "max": 0
  }
}