{
  "locale": "en",
  "timestamp": "2026-04-15T08:48:51.860Z",
  "iterations": 5,
  "e2e": {
    "description": "Perceived reactivity: time from select change to html[lang] DOM update (ms)",
    "raw": [
      65.19999999552965,
      18.30000000447035,
      19.19999999552965,
      23.100000001490116,
      13.100000001490116
    ],
    "avg": 27.779999999701978,
    "min": 13.100000001490116,
    "max": 65.19999999552965
  },
  "reactProfiler": {
    "description": "Internal React render time: sum of Profiler actualDuration for update phases (ms)",
    "raw": [
      0,
      0,
      0,
      0,
      0
    ],
    "avg": 0,
    "min": 0,
    "max": 0
  }
}