{
  "locale": "fr",
  "timestamp": "2026-04-16T03:32:15.734Z",
  "iterations": 5,
  "e2e": {
    "description": "Perceived reactivity: time from select change to html[lang] DOM update (ms)",
    "raw": [
      12.600000008940697,
      9.900000005960464,
      12.400000005960464,
      13,
      11.899999991059303
    ],
    "avg": 11.960000002384186,
    "min": 9.900000005960464,
    "max": 13
  },
  "reactProfiler": {
    "description": "Internal React render time: sum of Profiler actualDuration for update phases (ms)",
    "raw": [
      0,
      0,
      0,
      0,
      0
    ],
    "avg": 0,
    "min": 0,
    "max": 0
  }
}