{
  "locale": "fr",
  "timestamp": "2026-04-16T03:25:30.404Z",
  "iterations": 5,
  "e2e": {
    "description": "Perceived reactivity: time from select change to html[lang] DOM update (ms)",
    "raw": [
      12.099999994039536,
      7.799999997019768,
      8.700000002980232,
      8.800000011920929,
      9
    ],
    "avg": 9.280000001192093,
    "min": 7.799999997019768,
    "max": 12.099999994039536
  },
  "reactProfiler": {
    "description": "Internal React render time: sum of Profiler actualDuration for update phases (ms)",
    "raw": [
      0,
      0,
      0,
      0,
      0
    ],
    "avg": 0,
    "min": 0,
    "max": 0
  }
}