{
  "locale": "en",
  "timestamp": "2026-04-16T03:25:26.320Z",
  "iterations": 5,
  "e2e": {
    "description": "Perceived reactivity: time from select change to html[lang] DOM update (ms)",
    "raw": [
      23.200000002980232,
      8.699999988079071,
      8.5,
      8.400000005960464,
      8.900000005960464
    ],
    "avg": 11.540000000596047,
    "min": 8.400000005960464,
    "max": 23.200000002980232
  },
  "reactProfiler": {
    "description": "Internal React render time: sum of Profiler actualDuration for update phases (ms)",
    "raw": [
      0,
      0,
      0,
      0,
      0
    ],
    "avg": 0,
    "min": 0,
    "max": 0
  }
}