{
  "locale": "en",
  "timestamp": "2026-04-14T00:06:22.349Z",
  "iterations": 5,
  "e2e": {
    "description": "Perceived reactivity: time from select change to html[lang] DOM update (ms)",
    "raw": [
      4.299999982118607,
      2.0999999940395355,
      2.100000023841858,
      2.300000011920929,
      2
    ],
    "avg": 2.560000002384186,
    "min": 2,
    "max": 4.299999982118607
  },
  "reactProfiler": {
    "description": "Internal React render time: sum of Profiler actualDuration for update phases (ms)",
    "raw": [
      0,
      0,
      0,
      0,
      0
    ],
    "avg": 0,
    "min": 0,
    "max": 0
  }
}