{
  "locale": "fr",
  "timestamp": "2026-04-14T00:06:26.290Z",
  "iterations": 5,
  "e2e": {
    "description": "Perceived reactivity: time from select change to html[lang] DOM update (ms)",
    "raw": [
      4.5,
      2.5,
      2.199999988079071,
      2.0999999940395355,
      2.100000023841858
    ],
    "avg": 2.680000001192093,
    "min": 2.0999999940395355,
    "max": 4.5
  },
  "reactProfiler": {
    "description": "Internal React render time: sum of Profiler actualDuration for update phases (ms)",
    "raw": [
      0,
      0,
      0,
      0,
      0
    ],
    "avg": 0,
    "min": 0,
    "max": 0
  }
}