{
  "locale": "en",
  "timestamp": "2026-04-16T03:53:38.919Z",
  "iterations": 5,
  "e2e": {
    "description": "Perceived reactivity: time from select change to html[lang] DOM update (ms)",
    "raw": [
      17.600000008940697,
      10,
      13.699999988079071,
      12.5,
      13.400000005960464
    ],
    "avg": 13.440000000596047,
    "min": 10,
    "max": 17.600000008940697
  },
  "reactProfiler": {
    "description": "Internal React render time: sum of Profiler actualDuration for update phases (ms)",
    "raw": [
      0,
      0,
      0,
      0,
      0
    ],
    "avg": 0,
    "min": 0,
    "max": 0
  }
}