{
  "locale": "fr",
  "timestamp": "2026-04-16T03:53:42.926Z",
  "iterations": 5,
  "e2e": {
    "description": "Perceived reactivity: time from select change to html[lang] DOM update (ms)",
    "raw": [
      14.5,
      10.699999988079071,
      9.799999997019768,
      8.900000005960464,
      12.5
    ],
    "avg": 11.27999999821186,
    "min": 8.900000005960464,
    "max": 14.5
  },
  "reactProfiler": {
    "description": "Internal React render time: sum of Profiler actualDuration for update phases (ms)",
    "raw": [
      0,
      0,
      0,
      0,
      0
    ],
    "avg": 0,
    "min": 0,
    "max": 0
  }
}