{
  "locale": "en",
  "timestamp": "2026-04-12T20:44:19.463Z",
  "iterations": 5,
  "e2e": {
    "description": "Perceived reactivity: time from select change to html[lang] DOM update (ms)",
    "raw": [
      14.199999988079071,
      5.299999982118607,
      5.4000000059604645,
      5.5999999940395355,
      5.299999982118607
    ],
    "avg": 7.159999990463257,
    "min": 5.299999982118607,
    "max": 14.199999988079071
  },
  "reactProfiler": {
    "description": "Internal React render time: sum of Profiler actualDuration for update phases (ms)",
    "raw": [
      0,
      0,
      0,
      0,
      0
    ],
    "avg": 0,
    "min": 0,
    "max": 0
  }
}