{
  "locale": "fr",
  "timestamp": "2026-04-12T20:44:23.564Z",
  "iterations": 5,
  "e2e": {
    "description": "Perceived reactivity: time from select change to html[lang] DOM update (ms)",
    "raw": [
      13.700000017881393,
      5.300000011920929,
      5.299999982118607,
      5.699999988079071,
      6.0999999940395355
    ],
    "avg": 7.219999998807907,
    "min": 5.299999982118607,
    "max": 13.700000017881393
  },
  "reactProfiler": {
    "description": "Internal React render time: sum of Profiler actualDuration for update phases (ms)",
    "raw": [
      0,
      0,
      0,
      0,
      0
    ],
    "avg": 0,
    "min": 0,
    "max": 0
  }
}