{
  "locale": "en",
  "timestamp": "2026-04-11T22:04:44.097Z",
  "iterations": 5,
  "e2e": {
    "description": "Perceived reactivity: time from select change to html[lang] DOM update (ms)",
    "raw": [
      4.4000000059604645,
      4.9000000059604645,
      2.2000000029802322,
      2.800000011920929,
      3
    ],
    "avg": 3.460000005364418,
    "min": 2.2000000029802322,
    "max": 4.9000000059604645
  },
  "reactProfiler": {
    "description": "Internal React render time: sum of Profiler actualDuration for update phases (ms)",
    "raw": [
      0,
      0,
      0,
      0,
      0
    ],
    "avg": 0,
    "min": 0,
    "max": 0
  }
}