{
  "locale": "en",
  "timestamp": "2026-04-12T00:28:13.771Z",
  "iterations": 5,
  "e2e": {
    "description": "Perceived reactivity: time from select change to html[lang] DOM update (ms)",
    "raw": [
      17.700000002980232,
      6,
      6.100000008940697,
      6.399999991059303,
      13.600000008940697
    ],
    "avg": 9.960000002384186,
    "min": 6,
    "max": 17.700000002980232
  },
  "reactProfiler": {
    "description": "Internal React render time: sum of Profiler actualDuration for update phases (ms)",
    "raw": [
      0,
      0,
      0,
      0,
      0
    ],
    "avg": 0,
    "min": 0,
    "max": 0
  }
}