{
  "locale": "fr",
  "timestamp": "2026-04-12T00:28:18.651Z",
  "iterations": 5,
  "e2e": {
    "description": "Perceived reactivity: time from select change to html[lang] DOM update (ms)",
    "raw": [
      11,
      5.700000002980232,
      6.299999997019768,
      6.399999991059303,
      6.4000000059604645
    ],
    "avg": 7.159999999403953,
    "min": 5.700000002980232,
    "max": 11
  },
  "reactProfiler": {
    "description": "Internal React render time: sum of Profiler actualDuration for update phases (ms)",
    "raw": [
      0,
      0,
      0,
      0,
      0
    ],
    "avg": 0,
    "min": 0,
    "max": 0
  }
}