{
  "locale": "fr",
  "timestamp": "2026-04-11T22:04:49.722Z",
  "iterations": 5,
  "e2e": {
    "description": "Perceived reactivity: time from select change to html[lang] DOM update (ms)",
    "raw": [
      4.9000000059604645,
      5.0999999940395355,
      4.200000002980232,
      2.9000000059604645,
      2.7999999970197678
    ],
    "avg": 3.980000001192093,
    "min": 2.7999999970197678,
    "max": 5.0999999940395355
  },
  "reactProfiler": {
    "description": "Internal React render time: sum of Profiler actualDuration for update phases (ms)",
    "raw": [
      0,
      0,
      0,
      0,
      0
    ],
    "avg": 0,
    "min": 0,
    "max": 0
  }
}