{
  "locale": "en",
  "timestamp": "2026-04-15T21:58:44.782Z",
  "iterations": 5,
  "e2e": {
    "description": "Perceived reactivity: time from select change to html[lang] DOM update (ms)",
    "raw": [
      161.59999999403954,
      8.299999997019768,
      8.5,
      8.200000002980232,
      8.299999997019768
    ],
    "avg": 38.97999999821186,
    "min": 8.200000002980232,
    "max": 161.59999999403954
  },
  "reactProfiler": {
    "description": "Internal React render time: sum of Profiler actualDuration for update phases (ms)",
    "raw": [
      2.2000000029802322,
      1.9000000059604645,
      2.1000000089406967,
      1.8999999910593033,
      1.8999999910593033
    ],
    "avg": 2,
    "min": 1.8999999910593033,
    "max": 2.2000000029802322
  }
}