{
  "locale": "fr",
  "timestamp": "2026-04-15T21:58:48.761Z",
  "iterations": 5,
  "e2e": {
    "description": "Perceived reactivity: time from select change to html[lang] DOM update (ms)",
    "raw": [
      14.5,
      9,
      7.9000000059604645,
      8.700000002980232,
      8.700000002980232
    ],
    "avg": 9.760000002384185,
    "min": 7.9000000059604645,
    "max": 14.5
  },
  "reactProfiler": {
    "description": "Internal React render time: sum of Profiler actualDuration for update phases (ms)",
    "raw": [
      2.2000000029802322,
      1.7000000029802322,
      1.9000000059604645,
      2.0999999940395355,
      1.9000000059604645
    ],
    "avg": 1.9600000023841857,
    "min": 1.7000000029802322,
    "max": 2.2000000029802322
  }
}