{
  "locale": "en",
  "timestamp": "2026-04-20T01:36:16.163Z",
  "iterations": 5,
  "e2e": {
    "description": "Perceived reactivity (ms)",
    "raw": [
      23.099999994039536,
      11.599999994039536,
      10.799999997019768,
      9.700000002980232,
      11
    ],
    "avg": 13.239999997615815,
    "min": 9.700000002980232,
    "max": 23.099999994039536
  },
  "reactProfiler": {
    "description": "Internal React render (ms)",
    "raw": [
      18.299999997019768,
      3.5,
      4.4000000059604645,
      3,
      4.5999999940395355
    ],
    "avg": 6.759999999403954,
    "min": 3,
    "max": 18.299999997019768
  }
}