{
  "locale": "fr",
  "timestamp": "2026-04-20T01:36:17.128Z",
  "iterations": 5,
  "e2e": {
    "description": "Perceived reactivity (ms)",
    "raw": [
      12.5,
      10,
      10.900000005960464,
      9.899999991059303,
      9.800000011920929
    ],
    "avg": 10.620000001788139,
    "min": 9.800000011920929,
    "max": 12.5
  },
  "reactProfiler": {
    "description": "Internal React render (ms)",
    "raw": [
      4,
      3.2999999970197678,
      4.700000002980232,
      3.2000000029802322,
      3.2000000029802322
    ],
    "avg": 3.680000001192093,
    "min": 3.2000000029802322,
    "max": 4.700000002980232
  }
}