{
  "locale": "en",
  "timestamp": "2026-04-20T01:36:12.774Z",
  "iterations": 5,
  "e2ePageLoad": {
    "description": "PerformanceNavigationTiming.duration — full page load wall-clock time including sub-resources (ms)",
    "raw": [
      19.799999997019768,
      13.299999997019768,
      12.699999988079071,
      12.700000002980232,
      13
    ],
    "avg": 14.299999997019768,
    "min": 12.699999988079071,
    "max": 19.799999997019768
  },
  "hydration": {
    "description": "performance.measure('hydration_duration') — time between hydration_start mark (inline script) and hydration_end mark (useEffect) (ms). 0 means app is not instrumented.",
    "raw": [
      24.799999997019768,
      5.799999997019768,
      5.5,
      5.9000000059604645,
      6
    ],
    "avg": 9.6,
    "min": 5.5,
    "max": 24.799999997019768
  },
  "reactMount": {
    "description": "React Profiler actualDuration for the mount phase of <AppRoot>. 0 means Profiler is not wired up (ms).",
    "raw": [
      17.700000002980232,
      1.1000000089406967,
      1.0999999940395355,
      1.2000000029802322,
      1.0999999940395355
    ],
    "avg": 4.440000000596046,
    "min": 1.0999999940395355,
    "max": 17.700000002980232
  }
}