{
  "locale": "fr",
  "timestamp": "2026-04-20T01:36:13.574Z",
  "iterations": 5,
  "e2ePageLoad": {
    "description": "PerformanceNavigationTiming.duration — full page load wall-clock time including sub-resources (ms)",
    "raw": [
      17.799999997019768,
      13.399999991059303,
      12.199999988079071,
      12.599999994039536,
      11.900000005960464
    ],
    "avg": 13.579999995231628,
    "min": 11.900000005960464,
    "max": 17.799999997019768
  },
  "hydration": {
    "description": "performance.measure('hydration_duration') — time between hydration_start mark (inline script) and hydration_end mark (useEffect) (ms). 0 means app is not instrumented.",
    "raw": [
      23.5,
      5.700000002980232,
      5.799999997019768,
      5.5999999940395355,
      5.600000008940697
    ],
    "avg": 9.240000000596046,
    "min": 5.5999999940395355,
    "max": 23.5
  },
  "reactMount": {
    "description": "React Profiler actualDuration for the mount phase of <AppRoot>. 0 means Profiler is not wired up (ms).",
    "raw": [
      16.599999994039536,
      1,
      1,
      1,
      1
    ],
    "avg": 4.1199999988079075,
    "min": 1,
    "max": 16.599999994039536
  }
}