{
  "locale": "fr",
  "timestamp": "2026-04-16T21:57:41.973Z",
  "iterations": 5,
  "e2e": {
    "description": "Perceived reactivity: time from select change to html[lang] DOM update (ms)",
    "raw": [
      9.5,
      6.199999988079071,
      6.399999976158142,
      7.399999976158142,
      7.299999982118607
    ],
    "avg": 7.359999984502792,
    "min": 6.199999988079071,
    "max": 9.5
  },
  "reactProfiler": {
    "description": "Internal React render time: sum of Profiler actualDuration for update phases (ms)",
    "raw": [
      2.0999999940395355,
      1.5999999940395355,
      1.7000000476837158,
      1.9000000059604645,
      1.7000000178813934
    ],
    "avg": 1.800000011920929,
    "min": 1.5999999940395355,
    "max": 2.0999999940395355
  }
}