{
  "locale": "en",
  "timestamp": "2026-04-16T21:57:38.042Z",
  "iterations": 5,
  "e2e": {
    "description": "Perceived reactivity: time from select change to html[lang] DOM update (ms)",
    "raw": [
      15.899999976158142,
      6.199999988079071,
      5.700000017881393,
      6.300000011920929,
      6.100000023841858
    ],
    "avg": 8.040000003576278,
    "min": 5.700000017881393,
    "max": 15.899999976158142
  },
  "reactProfiler": {
    "description": "Internal React render time: sum of Profiler actualDuration for update phases (ms)",
    "raw": [
      1.5,
      1.5,
      1.4999999701976776,
      1.199999988079071,
      1.7000000178813934
    ],
    "avg": 1.4799999952316285,
    "min": 1.199999988079071,
    "max": 1.7000000178813934
  }
}