{
  "locale": "en",
  "timestamp": "2026-04-16T04:01:30.662Z",
  "iterations": 5,
  "e2e": {
    "description": "Perceived reactivity: time from select change to html[lang] DOM update (ms)",
    "raw": [
      20.100000008940697,
      12,
      11.299999997019768,
      11.900000005960464,
      9.400000005960464
    ],
    "avg": 12.940000003576278,
    "min": 9.400000005960464,
    "max": 20.100000008940697
  },
  "reactProfiler": {
    "description": "Internal React render time: sum of Profiler actualDuration for update phases (ms)",
    "raw": [
      0,
      0,
      0,
      0,
      0
    ],
    "avg": 0,
    "min": 0,
    "max": 0
  }
}