{
  "locale": "fr",
  "timestamp": "2026-04-16T04:01:34.640Z",
  "iterations": 5,
  "e2e": {
    "description": "Perceived reactivity: time from select change to html[lang] DOM update (ms)",
    "raw": [
      13.100000008940697,
      11.599999994039536,
      12,
      13.299999997019768,
      12.700000002980232
    ],
    "avg": 12.540000000596047,
    "min": 11.599999994039536,
    "max": 13.299999997019768
  },
  "reactProfiler": {
    "description": "Internal React render time: sum of Profiler actualDuration for update phases (ms)",
    "raw": [
      0,
      0,
      0,
      0,
      0
    ],
    "avg": 0,
    "min": 0,
    "max": 0
  }
}