{
  "locale": "fr",
  "timestamp": "2026-04-20T02:16:32.263Z",
  "iterations": 5,
  "e2e": {
    "description": "Perceived reactivity (ms)",
    "raw": [
      17.099999994039536,
      13.299999997019768,
      13.700000002980232,
      13.199999988079071,
      11.200000002980232
    ],
    "avg": 13.699999997019768,
    "min": 11.200000002980232,
    "max": 17.099999994039536
  },
  "reactProfiler": {
    "description": "Internal React render (ms)",
    "raw": [
      4.299999997019768,
      3.4000000059604645,
      3.5,
      3.2000000029802322,
      3.4000000059604645
    ],
    "avg": 3.560000002384186,
    "min": 3.2000000029802322,
    "max": 4.299999997019768
  }
}