{
  "locale": "en",
  "timestamp": "2026-04-20T02:16:31.121Z",
  "iterations": 5,
  "e2e": {
    "description": "Perceived reactivity (ms)",
    "raw": [
      32.599999994039536,
      13,
      13.299999997019768,
      10.299999997019768,
      11.899999991059303
    ],
    "avg": 16.219999995827674,
    "min": 10.299999997019768,
    "max": 32.599999994039536
  },
  "reactProfiler": {
    "description": "Internal React render (ms)",
    "raw": [
      11,
      3.8999999910593033,
      3.3999999910593033,
      3.2999999970197678,
      3.2000000029802322
    ],
    "avg": 4.959999996423721,
    "min": 3.2000000029802322,
    "max": 11
  }
}