{
  "locale": "en",
  "timestamp": "2026-04-16T03:23:14.261Z",
  "iterations": 5,
  "e2e": {
    "description": "Perceived reactivity: time from select change to html[lang] DOM update (ms)",
    "raw": [
      46.29999999701977,
      16.299999997019768,
      6.600000008940697,
      6.700000002980232,
      6.9000000059604645
    ],
    "avg": 16.560000002384186,
    "min": 6.600000008940697,
    "max": 46.29999999701977
  },
  "reactProfiler": {
    "description": "Internal React render time: sum of Profiler actualDuration for update phases (ms)",
    "raw": [
      2.8999999910593033,
      3.6000000089406967,
      1.800000011920929,
      2,
      1.699999988079071
    ],
    "avg": 2.4,
    "min": 1.699999988079071,
    "max": 3.6000000089406967
  }
}