{
  "locale": "fr",
  "timestamp": "2026-04-16T03:23:18.169Z",
  "iterations": 5,
  "e2e": {
    "description": "Perceived reactivity: time from select change to html[lang] DOM update (ms)",
    "raw": [
      10.700000002980232,
      6.5,
      7.0999999940395355,
      6.4000000059604645,
      6.600000008940697
    ],
    "avg": 7.460000002384186,
    "min": 6.4000000059604645,
    "max": 10.700000002980232
  },
  "reactProfiler": {
    "description": "Internal React render time: sum of Profiler actualDuration for update phases (ms)",
    "raw": [
      2.1000000089406967,
      1.899999976158142,
      1.7000000178813934,
      1.9999999850988388,
      1.7999999821186066
    ],
    "avg": 1.8999999940395356,
    "min": 1.7000000178813934,
    "max": 2.1000000089406967
  }
}