{
  "locale": "en",
  "timestamp": "2026-04-14T22:32:27.478Z",
  "iterations": 5,
  "e2e": {
    "description": "Perceived reactivity: time from select change to html[lang] DOM update (ms)",
    "raw": [
      32.19999999925494,
      24.299999999813735,
      17.800000000745058,
      17.40000000037253,
      20.799999999813735
    ],
    "avg": 22.5,
    "min": 17.40000000037253,
    "max": 32.19999999925494
  },
  "reactProfiler": {
    "description": "Internal React render time: sum of Profiler actualDuration for update phases (ms)",
    "raw": [
      0,
      0,
      0,
      0,
      0
    ],
    "avg": 0,
    "min": 0,
    "max": 0
  }
}