{
  "locale": "fr",
  "timestamp": "2026-04-13T23:58:47.789Z",
  "iterations": 5,
  "e2e": {
    "description": "Perceived reactivity: time from select change to html[lang] DOM update (ms)",
    "raw": [
      11.099999994039536,
      5.5999999940395355,
      6,
      5.4000000059604645,
      5.5999999940395355
    ],
    "avg": 6.739999997615814,
    "min": 5.4000000059604645,
    "max": 11.099999994039536
  },
  "reactProfiler": {
    "description": "Internal React render time: sum of Profiler actualDuration for update phases (ms)",
    "raw": [
      0,
      0,
      0,
      0,
      0
    ],
    "avg": 0,
    "min": 0,
    "max": 0
  }
}