{
  "locale": "en",
  "timestamp": "2026-04-13T23:58:43.824Z",
  "iterations": 5,
  "e2e": {
    "description": "Perceived reactivity: time from select change to html[lang] DOM update (ms)",
    "raw": [
      65.10000002384186,
      5.800000011920929,
      7,
      6.200000017881393,
      7.4000000059604645
    ],
    "avg": 18.30000001192093,
    "min": 5.800000011920929,
    "max": 65.10000002384186
  },
  "reactProfiler": {
    "description": "Internal React render time: sum of Profiler actualDuration for update phases (ms)",
    "raw": [
      0,
      0,
      0,
      0,
      0
    ],
    "avg": 0,
    "min": 0,
    "max": 0
  }
}