{
  "locale": "fr",
  "timestamp": "2026-04-20T02:58:53.000Z",
  "iterations": 5,
  "e2e": {
    "description": "Perceived reactivity (ms)",
    "raw": [
      8.5,
      6.0999999940395355,
      5,
      4.600000008940697,
      10.299999997019768
    ],
    "avg": 6.9,
    "min": 4.600000008940697,
    "max": 10.299999997019768
  },
  "reactProfiler": {
    "description": "Internal React render (ms)",
    "raw": [
      0,
      0,
      0,
      0,
      1.7000000029802322
    ],
    "avg": 0.34000000059604646,
    "min": 0,
    "max": 1.7000000029802322
  }
}