{
  "locale": "fr",
  "timestamp": "2026-04-20T02:58:47.140Z",
  "iterations": 5,
  "e2ePageLoad": {
    "description": "PerformanceNavigationTiming.duration — full page load wall-clock time including sub-resources (ms)",
    "raw": [
      19.799999997019768,
      21.100000008940697,
      21.299999997019768,
      24,
      27.700000002980232
    ],
    "avg": 22.780000001192093,
    "min": 19.799999997019768,
    "max": 27.700000002980232
  },
  "hydration": {
    "description": "performance.measure('hydration_duration') — time between hydration_start mark (inline script) and hydration_end mark (useEffect) (ms). 0 means app is not instrumented.",
    "raw": [
      41,
      24.599999994039536,
      20.100000008940697,
      20.400000005960464,
      19.899999991059303
    ],
    "avg": 25.2,
    "min": 19.899999991059303,
    "max": 41
  },
  "reactMount": {
    "description": "React Profiler actualDuration for the mount phase of <AppRoot>. 0 means Profiler is not wired up (ms).",
    "raw": [
      19,
      1.5999999940395355,
      2.699999988079071,
      2,
      1.800000011920929
    ],
    "avg": 5.419999998807907,
    "min": 1.5999999940395355,
    "max": 19
  }
}