{
  "locale": "en",
  "timestamp": "2026-04-20T02:58:45.734Z",
  "iterations": 5,
  "e2ePageLoad": {
    "description": "PerformanceNavigationTiming.duration — full page load wall-clock time including sub-resources (ms)",
    "raw": [
      20.700000002980232,
      24.799999997019768,
      29.900000005960464,
      21.799999997019768,
      27.5
    ],
    "avg": 24.940000000596047,
    "min": 20.700000002980232,
    "max": 29.900000005960464
  },
  "hydration": {
    "description": "performance.measure('hydration_duration') — time between hydration_start mark (inline script) and hydration_end mark (useEffect) (ms). 0 means app is not instrumented.",
    "raw": [
      220,
      26.399999991059303,
      27.900000005960464,
      14.599999994039536,
      17.400000005960464
    ],
    "avg": 61.25999999940395,
    "min": 14.599999994039536,
    "max": 220
  },
  "reactMount": {
    "description": "React Profiler actualDuration for the mount phase of <AppRoot>. 0 means Profiler is not wired up (ms).",
    "raw": [
      24.299999997019768,
      2.5999999940395355,
      1.7000000029802322,
      1.5999999940395355,
      1.699999988079071
    ],
    "avg": 6.379999995231628,
    "min": 1.5999999940395355,
    "max": 24.299999997019768
  }
}