{
  "locale": "fr",
  "timestamp": "2026-04-20T01:42:42.055Z",
  "iterations": 5,
  "e2e": {
    "description": "Perceived reactivity (ms)",
    "raw": [
      16.5,
      12.099999994039536,
      10.599999994039536,
      12,
      10.199999988079071
    ],
    "avg": 12.279999995231629,
    "min": 10.199999988079071,
    "max": 16.5
  },
  "reactProfiler": {
    "description": "Internal React render (ms)",
    "raw": [
      5.299999997019768,
      3.5,
      5,
      3.2999999970197678,
      3.4000000059604645
    ],
    "avg": 4.1,
    "min": 3.2999999970197678,
    "max": 5.299999997019768
  }
}