{
  "locale": "en",
  "timestamp": "2026-04-20T01:42:41.187Z",
  "iterations": 5,
  "e2e": {
    "description": "Perceived reactivity (ms)",
    "raw": [
      30.69999998807907,
      12.5,
      10.799999997019768,
      11.900000005960464,
      11.099999994039536
    ],
    "avg": 15.399999997019767,
    "min": 10.799999997019768,
    "max": 30.69999998807907
  },
  "reactProfiler": {
    "description": "Internal React render (ms)",
    "raw": [
      10.5,
      3.9000000059604645,
      4.799999997019768,
      3.2999999970197678,
      3.4000000059604645
    ],
    "avg": 5.180000001192093,
    "min": 3.2999999970197678,
    "max": 10.5
  }
}