{
  "locale": "en",
  "timestamp": "2026-04-11T01:41:20.555Z",
  "iterations": 5,
  "e2e": {
    "description": "Perceived reactivity: time from select change to html[lang] DOM update (ms)",
    "raw": [
      7.300000000279397,
      2.8999999999068677,
      3.6000000000931323,
      3.1999999997206032,
      3.8000000002793968
    ],
    "avg": 4.160000000055879,
    "min": 2.8999999999068677,
    "max": 7.300000000279397
  },
  "reactProfiler": {
    "description": "Internal React render time: sum of Profiler actualDuration for update phases (ms)",
    "raw": [
      0,
      0,
      0,
      0,
      0
    ],
    "avg": 0,
    "min": 0,
    "max": 0
  }
}