{
  "locale": "fr",
  "timestamp": "2026-04-12T00:35:01.552Z",
  "iterations": 5,
  "e2e": {
    "description": "Perceived reactivity: time from select change to html[lang] DOM update (ms)",
    "raw": [
      5.899999991059303,
      3.2000000029802322,
      3.2000000029802322,
      2.7000000029802322,
      3.0999999940395355
    ],
    "avg": 3.619999998807907,
    "min": 2.7000000029802322,
    "max": 5.899999991059303
  },
  "reactProfiler": {
    "description": "Internal React render time: sum of Profiler actualDuration for update phases (ms)",
    "raw": [
      0,
      0,
      0,
      0,
      0
    ],
    "avg": 0,
    "min": 0,
    "max": 0
  }
}