{
  "locale": "en",
  "timestamp": "2026-04-12T00:34:55.503Z",
  "iterations": 5,
  "e2e": {
    "description": "Perceived reactivity: time from select change to html[lang] DOM update (ms)",
    "raw": [
      8.400000005960464,
      3.4000000059604645,
      3.2999999970197678,
      3,
      3.4000000059604645
    ],
    "avg": 4.300000002980232,
    "min": 3,
    "max": 8.400000005960464
  },
  "reactProfiler": {
    "description": "Internal React render time: sum of Profiler actualDuration for update phases (ms)",
    "raw": [
      0,
      0,
      0,
      0,
      0
    ],
    "avg": 0,
    "min": 0,
    "max": 0
  }
}