{
  "locale": "en",
  "timestamp": "2026-04-11T22:04:28.369Z",
  "iterations": 5,
  "e2e": {
    "description": "Perceived reactivity: time from select change to html[lang] DOM update (ms)",
    "raw": [
      7.899999991059303,
      3.0999999940395355,
      3.0999999940395355,
      3.800000011920929,
      2.8999999910593033
    ],
    "avg": 4.159999996423721,
    "min": 2.8999999910593033,
    "max": 7.899999991059303
  },
  "reactProfiler": {
    "description": "Internal React render time: sum of Profiler actualDuration for update phases (ms)",
    "raw": [
      0,
      0,
      0,
      0,
      0
    ],
    "avg": 0,
    "min": 0,
    "max": 0
  }
}