{
  "locale": "fr",
  "timestamp": "2026-04-16T03:43:47.171Z",
  "iterations": 5,
  "e2e": {
    "description": "Perceived reactivity: time from select change to html[lang] DOM update (ms)",
    "raw": [
      13.599999994039536,
      21.700000002980232,
      11.200000002980232,
      11.099999994039536,
      12.700000002980232
    ],
    "avg": 14.059999999403953,
    "min": 11.099999994039536,
    "max": 21.700000002980232
  },
  "reactProfiler": {
    "description": "Internal React render time: sum of Profiler actualDuration for update phases (ms)",
    "raw": [
      0,
      0,
      0,
      0,
      0
    ],
    "avg": 0,
    "min": 0,
    "max": 0
  }
}