{
  "locale": "fr",
  "timestamp": "2026-04-16T03:50:12.205Z",
  "iterations": 5,
  "e2e": {
    "description": "Perceived reactivity: time from select change to html[lang] DOM update (ms)",
    "raw": [
      14.400000005960464,
      12.299999997019768,
      17.099999994039536,
      13.099999994039536,
      13.299999997019768
    ],
    "avg": 14.039999997615814,
    "min": 12.299999997019768,
    "max": 17.099999994039536
  },
  "reactProfiler": {
    "description": "Internal React render time: sum of Profiler actualDuration for update phases (ms)",
    "raw": [
      0,
      0,
      0,
      0,
      0
    ],
    "avg": 0,
    "min": 0,
    "max": 0
  }
}