{
  "locale": "en",
  "timestamp": "2026-04-16T03:50:07.768Z",
  "iterations": 5,
  "e2e": {
    "description": "Perceived reactivity: time from select change to html[lang] DOM update (ms)",
    "raw": [
      27.400000005960464,
      13.299999997019768,
      12.799999997019768,
      14,
      15.200000002980232
    ],
    "avg": 16.540000000596045,
    "min": 12.799999997019768,
    "max": 27.400000005960464
  },
  "reactProfiler": {
    "description": "Internal React render time: sum of Profiler actualDuration for update phases (ms)",
    "raw": [
      0,
      0,
      0,
      0,
      0
    ],
    "avg": 0,
    "min": 0,
    "max": 0
  }
}