{
  "locale": "fr",
  "timestamp": "2026-04-20T03:01:30.650Z",
  "iterations": 5,
  "e2e": {
    "description": "Perceived reactivity (ms)",
    "raw": [
      20.099999994039536,
      5.700000002980232,
      5.799999997019768,
      4,
      8.400000005960464
    ],
    "avg": 8.8,
    "min": 4,
    "max": 20.099999994039536
  },
  "reactProfiler": {
    "description": "Internal React render (ms)",
    "raw": [
      3.0999999940395355,
      0,
      0,
      0,
      1.5999999940395355
    ],
    "avg": 0.9399999976158142,
    "min": 0,
    "max": 3.0999999940395355
  }
}