{
  "locale": "en",
  "timestamp": "2026-04-20T03:01:29.832Z",
  "iterations": 5,
  "e2e": {
    "description": "Perceived reactivity (ms)",
    "raw": [
      50.30000001192093,
      9.200000002980232,
      6.300000011920929,
      7.5,
      5.399999991059303
    ],
    "avg": 15.740000003576279,
    "min": 5.399999991059303,
    "max": 50.30000001192093
  },
  "reactProfiler": {
    "description": "Internal React render (ms)",
    "raw": [
      10.700000002980232,
      0,
      0,
      2.5,
      0
    ],
    "avg": 2.6400000005960464,
    "min": 0,
    "max": 10.700000002980232
  }
}