{
  "locale": "fr",
  "timestamp": "2026-04-20T03:00:53.861Z",
  "iterations": 5,
  "e2ePageLoad": {
    "description": "PerformanceNavigationTiming.duration — full page load wall-clock time including sub-resources (ms)",
    "raw": [
      16.400000005960464,
      19.700000002980232,
      15.200000002980232,
      19.400000005960464,
      17
    ],
    "avg": 17.540000003576278,
    "min": 15.200000002980232,
    "max": 19.700000002980232
  },
  "hydration": {
    "description": "performance.measure('hydration_duration') — time between hydration_start mark (inline script) and hydration_end mark (useEffect) (ms). 0 means app is not instrumented.",
    "raw": [
      37.79999999701977,
      18.599999994039536,
      12.200000002980232,
      17.400000005960464,
      14.099999994039536
    ],
    "avg": 20.019999998807908,
    "min": 12.200000002980232,
    "max": 37.79999999701977
  },
  "reactMount": {
    "description": "React Profiler actualDuration for the mount phase of <AppRoot>. 0 means Profiler is not wired up (ms).",
    "raw": [
      14.799999997019768,
      1.4000000059604645,
      1.5999999940395355,
      1.8999999910593033,
      1.6000000089406967
    ],
    "avg": 4.259999999403954,
    "min": 1.4000000059604645,
    "max": 14.799999997019768
  }
}