{
  "locale": "fr",
  "timestamp": "2026-04-16T22:17:04.985Z",
  "iterations": 5,
  "e2e": {
    "description": "Perceived reactivity: time from select change to html[lang] DOM update (ms)",
    "raw": [
      3,
      2.5,
      3.5,
      2.0999999940395355,
      2.7000000178813934
    ],
    "avg": 2.760000002384186,
    "min": 2.0999999940395355,
    "max": 3.5
  },
  "reactProfiler": {
    "description": "Internal React render time: sum of Profiler actualDuration for update phases (ms)",
    "raw": [
      0.5999999940395355,
      0.4000000059604645,
      0.5999999940395355,
      0.19999998807907104,
      0.30000001192092896
    ],
    "avg": 0.4199999988079071,
    "min": 0.19999998807907104,
    "max": 0.5999999940395355
  }
}