{
  "locale": "en",
  "timestamp": "2026-04-16T04:03:23.428Z",
  "iterations": 5,
  "e2e": {
    "description": "Perceived reactivity: time from select change to html[lang] DOM update (ms)",
    "raw": [
      3.4000000059604645,
      2.4000000059604645,
      2.2000000029802322,
      2.1000000089406967,
      2.0999999940395355
    ],
    "avg": 2.4400000035762788,
    "min": 2.0999999940395355,
    "max": 3.4000000059604645
  },
  "reactProfiler": {
    "description": "Internal React render time: sum of Profiler actualDuration for update phases (ms)",
    "raw": [
      0.6000000089406967,
      0.3999999910593033,
      0.29999999701976776,
      0.4000000059604645,
      0.5
    ],
    "avg": 0.44000000059604644,
    "min": 0.29999999701976776,
    "max": 0.6000000089406967
  }
}