{
  "locale": "en",
  "timestamp": "2026-04-16T22:17:00.861Z",
  "iterations": 5,
  "e2e": {
    "description": "Perceived reactivity: time from select change to html[lang] DOM update (ms)",
    "raw": [
      3.800000011920929,
      4.5999999940395355,
      2.4000000059604645,
      2.2000000178813934,
      2.2000000178813934
    ],
    "avg": 3.040000009536743,
    "min": 2.2000000178813934,
    "max": 4.5999999940395355
  },
  "reactProfiler": {
    "description": "Internal React render time: sum of Profiler actualDuration for update phases (ms)",
    "raw": [
      0.7000000178813934,
      0.800000011920929,
      0.5,
      0.4000000059604645,
      0.4000000059604645
    ],
    "avg": 0.5600000083446502,
    "min": 0.4000000059604645,
    "max": 0.800000011920929
  }
}