{
  "locale": "fr",
  "timestamp": "2026-04-16T04:03:27.306Z",
  "iterations": 5,
  "e2e": {
    "description": "Perceived reactivity: time from select change to html[lang] DOM update (ms)",
    "raw": [
      3.2000000029802322,
      2.1000000089406967,
      2.0999999940395355,
      2.2000000029802322,
      2.4000000059604645
    ],
    "avg": 2.4000000029802324,
    "min": 2.0999999940395355,
    "max": 3.2000000029802322
  },
  "reactProfiler": {
    "description": "Internal React render time: sum of Profiler actualDuration for update phases (ms)",
    "raw": [
      0.3999999910593033,
      0.3999999910593033,
      0.3999999910593033,
      0.4000000059604645,
      0.29999999701976776
    ],
    "avg": 0.3799999952316284,
    "min": 0.29999999701976776,
    "max": 0.4000000059604645
  }
}