{
  "locale": "fr",
  "timestamp": "2026-04-14T00:48:29.977Z",
  "iterations": 5,
  "e2e": {
    "description": "Perceived reactivity: time from select change to html[lang] DOM update (ms)",
    "raw": [
      3.4000000059604645,
      2,
      2.0999999940395355,
      1.9000000059604645,
      1.9000000059604645
    ],
    "avg": 2.260000002384186,
    "min": 1.9000000059604645,
    "max": 3.4000000059604645
  },
  "reactProfiler": {
    "description": "Internal React render time: sum of Profiler actualDuration for update phases (ms)",
    "raw": [
      0,
      0,
      0,
      0,
      0
    ],
    "avg": 0,
    "min": 0,
    "max": 0
  }
}