{
  "locale": "en",
  "timestamp": "2026-04-13T05:01:33.125Z",
  "iterations": 5,
  "e2e": {
    "description": "Perceived reactivity: time from select change to html[lang] DOM update (ms)",
    "raw": [
      20.799999982118607,
      3.2000000178813934,
      2.800000011920929,
      2.9000000059604645,
      2.7999999821186066
    ],
    "avg": 6.5,
    "min": 2.7999999821186066,
    "max": 20.799999982118607
  },
  "reactProfiler": {
    "description": "Internal React render time: sum of Profiler actualDuration for update phases (ms)",
    "raw": [
      0,
      0,
      0,
      0,
      0
    ],
    "avg": 0,
    "min": 0,
    "max": 0
  }
}