{
  "locale": "fr",
  "timestamp": "2026-04-14T00:15:26.048Z",
  "iterations": 5,
  "e2e": {
    "description": "Perceived reactivity: time from select change to html[lang] DOM update (ms)",
    "raw": [
      11.699999988079071,
      7.5,
      10.200000017881393,
      17.400000005960464,
      18.30000001192093
    ],
    "avg": 13.020000004768372,
    "min": 7.5,
    "max": 18.30000001192093
  },
  "reactProfiler": {
    "description": "Internal React render time: sum of Profiler actualDuration for update phases (ms)",
    "raw": [
      0,
      0,
      0,
      0,
      0
    ],
    "avg": 0,
    "min": 0,
    "max": 0
  }
}