{
  "locale": "fr",
  "timestamp": "2026-04-13T05:01:37.130Z",
  "iterations": 5,
  "e2e": {
    "description": "Perceived reactivity: time from select change to html[lang] DOM update (ms)",
    "raw": [
      10.700000017881393,
      3.0999999940395355,
      2.9000000059604645,
      2.7000000178813934,
      2.800000011920929
    ],
    "avg": 4.440000009536743,
    "min": 2.7000000178813934,
    "max": 10.700000017881393
  },
  "reactProfiler": {
    "description": "Internal React render time: sum of Profiler actualDuration for update phases (ms)",
    "raw": [
      0,
      0,
      0,
      0,
      0
    ],
    "avg": 0,
    "min": 0,
    "max": 0
  }
}