{
  "locale": "fr",
  "timestamp": "2026-04-13T06:08:34.877Z",
  "iterations": 5,
  "e2e": {
    "description": "Perceived reactivity: time from select change to html[lang] DOM update (ms)",
    "raw": [
      12.800000011920929,
      8.099999994039536,
      10.300000011920929,
      7.4000000059604645,
      8.5
    ],
    "avg": 9.420000004768372,
    "min": 7.4000000059604645,
    "max": 12.800000011920929
  },
  "reactProfiler": {
    "description": "Internal React render time: sum of Profiler actualDuration for update phases (ms)",
    "raw": [
      0,
      0,
      0,
      0,
      0
    ],
    "avg": 0,
    "min": 0,
    "max": 0
  }
}