{
  "locale": "en",
  "timestamp": "2026-04-13T06:08:30.889Z",
  "iterations": 5,
  "e2e": {
    "description": "Perceived reactivity: time from select change to html[lang] DOM update (ms)",
    "raw": [
      15.199999988079071,
      7.4000000059604645,
      8.099999994039536,
      7.0999999940395355,
      7.5
    ],
    "avg": 9.059999996423722,
    "min": 7.0999999940395355,
    "max": 15.199999988079071
  },
  "reactProfiler": {
    "description": "Internal React render time: sum of Profiler actualDuration for update phases (ms)",
    "raw": [
      0,
      0,
      0,
      0,
      0
    ],
    "avg": 0,
    "min": 0,
    "max": 0
  }
}