{
  "locale": "en",
  "timestamp": "2026-04-11T01:39:42.986Z",
  "iterations": 5,
  "e2e": {
    "description": "Perceived reactivity: time from select change to html[lang] DOM update (ms)",
    "raw": [
      5.100000000093132,
      2.400000000372529,
      2.7000000001862645,
      3,
      2.5
    ],
    "avg": 3.140000000130385,
    "min": 2.400000000372529,
    "max": 5.100000000093132
  },
  "reactProfiler": {
    "description": "Internal React render time: sum of Profiler actualDuration for update phases (ms)",
    "raw": [
      0,
      0,
      0,
      0,
      0
    ],
    "avg": 0,
    "min": 0,
    "max": 0
  }
}