{
  "locale": "fr",
  "timestamp": "2026-04-12T20:44:13.373Z",
  "iterations": 5,
  "e2e": {
    "description": "Perceived reactivity: time from select change to html[lang] DOM update (ms)",
    "raw": [
      32.099999994039536,
      4.9000000059604645,
      6.699999988079071,
      9.399999976158142,
      5.100000023841858
    ],
    "avg": 11.639999997615813,
    "min": 4.9000000059604645,
    "max": 32.099999994039536
  },
  "reactProfiler": {
    "description": "Internal React render time: sum of Profiler actualDuration for update phases (ms)",
    "raw": [
      0,
      0,
      0,
      0,
      0
    ],
    "avg": 0,
    "min": 0,
    "max": 0
  }
}