{
  "locale": "fr",
  "timestamp": "2026-04-12T00:33:17.507Z",
  "iterations": 5,
  "e2e": {
    "description": "Perceived reactivity: time from select change to html[lang] DOM update (ms)",
    "raw": [
      3.1000000089406967,
      1.4000000059604645,
      1.5,
      1.2999999970197678,
      2
    ],
    "avg": 1.8600000023841858,
    "min": 1.2999999970197678,
    "max": 3.1000000089406967
  },
  "reactProfiler": {
    "description": "Internal React render time: sum of Profiler actualDuration for update phases (ms)",
    "raw": [
      0,
      0,
      0,
      0,
      0
    ],
    "avg": 0,
    "min": 0,
    "max": 0
  }
}