{
  "locale": "fr",
  "timestamp": "2026-04-11T01:40:12.104Z",
  "iterations": 5,
  "e2e": {
    "description": "Perceived reactivity: time from select change to html[lang] DOM update (ms)",
    "raw": [
      5.7999999998137355,
      4.2999999998137355,
      3.5,
      2.6000000000931323,
      2.2000000001862645
    ],
    "avg": 3.6799999999813737,
    "min": 2.2000000001862645,
    "max": 5.7999999998137355
  },
  "reactProfiler": {
    "description": "Internal React render time: sum of Profiler actualDuration for update phases (ms)",
    "raw": [
      0,
      0,
      0,
      0,
      0
    ],
    "avg": 0,
    "min": 0,
    "max": 0
  }
}