{
  "locale": "en",
  "timestamp": "2026-04-12T00:33:13.653Z",
  "iterations": 5,
  "e2e": {
    "description": "Perceived reactivity: time from select change to html[lang] DOM update (ms)",
    "raw": [
      3.8999999910593033,
      1.2999999970197678,
      1.2999999970197678,
      1.300000011920929,
      1.2999999970197678
    ],
    "avg": 1.8199999988079072,
    "min": 1.2999999970197678,
    "max": 3.8999999910593033
  },
  "reactProfiler": {
    "description": "Internal React render time: sum of Profiler actualDuration for update phases (ms)",
    "raw": [
      0,
      0,
      0,
      0,
      0
    ],
    "avg": 0,
    "min": 0,
    "max": 0
  }
}