{
  "locale": "fr",
  "timestamp": "2026-04-17T08:51:40.298Z",
  "iterations": 5,
  "e2e": {
    "description": "Perceived reactivity (ms)",
    "raw": [
      3.199999988079071,
      1.5999999940395355,
      1.5,
      1.399999976158142,
      1.5
    ],
    "avg": 1.8399999916553498,
    "min": 1.399999976158142,
    "max": 3.199999988079071
  },
  "reactProfiler": {
    "description": "Internal React render (ms)",
    "raw": [
      0.5999999940395355,
      0.30000001192092896,
      0.5,
      0.3999999761581421,
      0.19999998807907104
    ],
    "avg": 0.3999999940395355,
    "min": 0.19999998807907104,
    "max": 0.5999999940395355
  }
}