{
  "locale": "en",
  "timestamp": "2026-04-17T08:51:39.396Z",
  "iterations": 5,
  "e2e": {
    "description": "Perceived reactivity (ms)",
    "raw": [
      4,
      1.899999976158142,
      1.5,
      1.300000011920929,
      1.5
    ],
    "avg": 2.0399999976158143,
    "min": 1.300000011920929,
    "max": 4
  },
  "reactProfiler": {
    "description": "Internal React render (ms)",
    "raw": [
      0.5000000298023224,
      0.4000000059604645,
      0.5,
      0.30000001192092896,
      0.29999998211860657
    ],
    "avg": 0.4000000059604645,
    "min": 0.29999998211860657,
    "max": 0.5000000298023224
  }
}