{
  "locale": "en",
  "timestamp": "2026-04-18T20:54:00.365Z",
  "iterations": 5,
  "e2e": {
    "description": "Perceived reactivity (ms)",
    "raw": [
      16.600000023841858,
      32.5,
      24.100000023841858,
      13.399999976158142,
      12.199999988079071
    ],
    "avg": 19.760000002384185,
    "min": 12.199999988079071,
    "max": 32.5
  },
  "reactProfiler": {
    "description": "Internal React render (ms)",
    "raw": [
      4.5,
      4.099999964237213,
      4.200000047683716,
      3.5,
      4
    ],
    "avg": 4.060000002384186,
    "min": 3.5,
    "max": 4.5
  }
}