{
  "locale": "fr",
  "timestamp": "2026-04-17T08:11:55.306Z",
  "iterations": 5,
  "e2e": {
    "description": "Perceived reactivity (ms)",
    "raw": [
      25.5,
      30.30000001192093,
      14.199999988079071,
      13.299999982118607,
      18.700000017881393
    ],
    "avg": 20.4,
    "min": 13.299999982118607,
    "max": 30.30000001192093
  },
  "reactProfiler": {
    "description": "Internal React render (ms)",
    "raw": [
      1.5999999940395355,
      8.300000011920929,
      6.100000023841858,
      5.300000011920929,
      6.199999988079071
    ],
    "avg": 5.500000005960464,
    "min": 1.5999999940395355,
    "max": 8.300000011920929
  }
}