{
  "locale": "fr",
  "timestamp": "2026-04-21T01:26:22.507Z",
  "iterations": 5,
  "e2e": {
    "description": "Perceived reactivity (ms)",
    "raw": [
      20.200000017881393,
      16.099999994039536,
      13.700000017881393,
      13.099999994039536,
      13.800000011920929
    ],
    "avg": 15.380000007152557,
    "min": 13.099999994039536,
    "max": 20.200000017881393
  },
  "reactProfiler": {
    "description": "Internal React render (ms)",
    "raw": [
      1.300000011920929,
      7.0999999940395355,
      5.299999982118607,
      5.299999982118607,
      5.799999982118607
    ],
    "avg": 4.959999990463257,
    "min": 1.300000011920929,
    "max": 7.0999999940395355
  }
}