{
  "locale": "fr",
  "timestamp": "2026-04-21T01:26:03.203Z",
  "iterations": 5,
  "e2ePageLoad": {
    "description": "PerformanceNavigationTiming.duration — full page load wall-clock time including sub-resources (ms)",
    "raw": [
      21.69999998807907,
      14.299999982118607,
      15.800000011920929,
      13.300000011920929,
      13.899999976158142
    ],
    "avg": 15.799999994039535,
    "min": 13.300000011920929,
    "max": 21.69999998807907
  },
  "hydration": {
    "description": "performance.measure('hydration_duration') — time between hydration_start mark (inline script) and hydration_end mark (useEffect) (ms). 0 means app is not instrumented.",
    "raw": [
      8.899999976158142,
      6.699999988079071,
      6.5,
      6.299999982118607,
      6.0999999940395355
    ],
    "avg": 6.899999988079071,
    "min": 6.0999999940395355,
    "max": 8.899999976158142
  },
  "reactMount": {
    "description": "React Profiler actualDuration for the mount phase of <AppRoot>. 0 means Profiler is not wired up (ms).",
    "raw": [
      2,
      0.699999988079071,
      0.5999999940395355,
      0.7000000178813934,
      0.699999988079071
    ],
    "avg": 0.9399999976158142,
    "min": 0.5999999940395355,
    "max": 2
  }
}