{
  "locale": "en",
  "timestamp": "2026-04-21T03:28:19.771Z",
  "iterations": 5,
  "e2ePageLoad": {
    "description": "PerformanceNavigationTiming.duration — full page load wall-clock time including sub-resources (ms)",
    "raw": [
      19,
      17.200000017881393,
      16.799999982118607,
      16.69999998807907,
      18.5
    ],
    "avg": 17.639999997615813,
    "min": 16.69999998807907,
    "max": 19
  },
  "hydration": {
    "description": "performance.measure('hydration_duration') — time between hydration_start mark (inline script) and hydration_end mark (useEffect) (ms). 0 means app is not instrumented.",
    "raw": [
      33.900000005960464,
      22.900000005960464,
      17.099999994039536,
      17.700000017881393,
      19.400000005960464
    ],
    "avg": 22.200000005960465,
    "min": 17.099999994039536,
    "max": 33.900000005960464
  },
  "reactMount": {
    "description": "React Profiler actualDuration for the mount phase of <AppRoot>. 0 means Profiler is not wired up (ms).",
    "raw": [
      3,
      1,
      0.9000000059604645,
      0.800000011920929,
      1
    ],
    "avg": 1.3400000035762787,
    "min": 0.800000011920929,
    "max": 3
  }
}