{
  "locale": "en",
  "timestamp": "2026-04-20T04:02:38.353Z",
  "iterations": 5,
  "e2ePageLoad": {
    "description": "PerformanceNavigationTiming.duration — full page load wall-clock time including sub-resources (ms)",
    "raw": [
      23.299999997019768,
      21.200000002980232,
      19.900000005960464,
      23.799999997019768,
      25.400000005960464
    ],
    "avg": 22.72000000178814,
    "min": 19.900000005960464,
    "max": 25.400000005960464
  },
  "hydration": {
    "description": "performance.measure('hydration_duration') — time between hydration_start mark (inline script) and hydration_end mark (useEffect) (ms). 0 means app is not instrumented.",
    "raw": [
      38.30000001192093,
      26.599999994039536,
      21.099999994039536,
      28.700000002980232,
      27.30000001192093
    ],
    "avg": 28.40000000298023,
    "min": 21.099999994039536,
    "max": 38.30000001192093
  },
  "reactMount": {
    "description": "React Profiler actualDuration for the mount phase of <AppRoot>. 0 means Profiler is not wired up (ms).",
    "raw": [
      5.5,
      1.0999999940395355,
      0.9000000059604645,
      1,
      0.9000000059604645
    ],
    "avg": 1.880000001192093,
    "min": 0.9000000059604645,
    "max": 5.5
  }
}