{
  "locale": "fr",
  "timestamp": "2026-04-20T04:02:39.285Z",
  "iterations": 5,
  "e2ePageLoad": {
    "description": "PerformanceNavigationTiming.duration — full page load wall-clock time including sub-resources (ms)",
    "raw": [
      19,
      17.5,
      20.19999998807907,
      21,
      19
    ],
    "avg": 19.339999997615813,
    "min": 17.5,
    "max": 21
  },
  "hydration": {
    "description": "performance.measure('hydration_duration') — time between hydration_start mark (inline script) and hydration_end mark (useEffect) (ms). 0 means app is not instrumented.",
    "raw": [
      31.5,
      23.200000002980232,
      21.099999994039536,
      23.399999991059303,
      21.700000002980232
    ],
    "avg": 24.179999998211862,
    "min": 21.099999994039536,
    "max": 31.5
  },
  "reactMount": {
    "description": "React Profiler actualDuration for the mount phase of <AppRoot>. 0 means Profiler is not wired up (ms).",
    "raw": [
      3.2000000029802322,
      0.7000000029802322,
      0.9000000059604645,
      0.9000000059604645,
      1
    ],
    "avg": 1.3400000035762787,
    "min": 0.7000000029802322,
    "max": 3.2000000029802322
  }
}