{
  "locale": "fr",
  "timestamp": "2026-04-20T03:03:17.384Z",
  "iterations": 5,
  "e2e": {
    "description": "Perceived reactivity (ms)",
    "raw": [
      23.30000001192093,
      7.899999991059303,
      6.700000002980232,
      5.399999991059303,
      5.9000000059604645
    ],
    "avg": 9.840000000596046,
    "min": 5.399999991059303,
    "max": 23.30000001192093
  },
  "reactProfiler": {
    "description": "Internal React render (ms)",
    "raw": [
      7.199999988079071,
      0,
      0,
      0,
      0
    ],
    "avg": 1.4399999976158142,
    "min": 0,
    "max": 7.199999988079071
  }
}