{
  "locale": "en",
  "timestamp": "2026-04-20T03:03:16.485Z",
  "iterations": 5,
  "e2e": {
    "description": "Perceived reactivity (ms)",
    "raw": [
      39.70000000298023,
      5.5,
      7.799999997019768,
      6.399999991059303,
      7.0999999940395355
    ],
    "avg": 13.299999997019768,
    "min": 5.5,
    "max": 39.70000000298023
  },
  "reactProfiler": {
    "description": "Internal React render (ms)",
    "raw": [
      7.700000002980232,
      0,
      0,
      0,
      0
    ],
    "avg": 1.5400000005960464,
    "min": 0,
    "max": 7.700000002980232
  }
}