{
  "locale": "fr",
  "timestamp": "2026-04-20T03:04:31.293Z",
  "iterations": 5,
  "e2ePageLoad": {
    "description": "PerformanceNavigationTiming.duration — full page load wall-clock time including sub-resources (ms)",
    "raw": [
      19.5,
      16.700000002980232,
      17,
      19.099999994039536,
      17
    ],
    "avg": 17.859999999403954,
    "min": 16.700000002980232,
    "max": 19.5
  },
  "hydration": {
    "description": "performance.measure('hydration_duration') — time between hydration_start mark (inline script) and hydration_end mark (useEffect) (ms). 0 means app is not instrumented.",
    "raw": [
      40.900000005960464,
      20.100000008940697,
      13.900000005960464,
      17.899999991059303,
      14.599999994039536
    ],
    "avg": 21.480000001192092,
    "min": 13.900000005960464,
    "max": 40.900000005960464
  },
  "reactMount": {
    "description": "React Profiler actualDuration for the mount phase of <AppRoot>. 0 means Profiler is not wired up (ms).",
    "raw": [
      17.100000008940697,
      2.2000000029802322,
      2,
      3.2999999970197678,
      2.199999988079071
    ],
    "avg": 5.3599999994039536,
    "min": 2,
    "max": 17.100000008940697
  }
}