{
  "locale": "fr",
  "timestamp": "2026-04-21T00:44:06.979Z",
  "iterations": 5,
  "e2e": {
    "description": "Perceived reactivity (ms)",
    "raw": [
      13.599999994039536,
      9.699999988079071,
      9.400000005960464,
      9.400000005960464,
      9.700000017881393
    ],
    "avg": 10.360000002384187,
    "min": 9.400000005960464,
    "max": 13.599999994039536
  },
  "reactProfiler": {
    "description": "Internal React render (ms)",
    "raw": [
      4.300000011920929,
      3.2999999821186066,
      3.600000023841858,
      3.300000011920929,
      3.5
    ],
    "avg": 3.6000000059604647,
    "min": 3.2999999821186066,
    "max": 4.300000011920929
  }
}