{
  "locale": "en",
  "timestamp": "2026-04-21T00:44:06.137Z",
  "iterations": 5,
  "e2e": {
    "description": "Perceived reactivity (ms)",
    "raw": [
      22,
      11,
      12.099999994039536,
      10.400000005960464,
      12.400000005960464
    ],
    "avg": 13.580000001192094,
    "min": 10.400000005960464,
    "max": 22
  },
  "reactProfiler": {
    "description": "Internal React render (ms)",
    "raw": [
      5.699999988079071,
      4.0999999940395355,
      3.5,
      3.9000000059604645,
      3.5999999940395355
    ],
    "avg": 4.159999996423721,
    "min": 3.5,
    "max": 5.699999988079071
  }
}