{
  "locale": "en",
  "timestamp": "2026-04-14T00:06:33.616Z",
  "iterations": 5,
  "e2e": {
    "description": "Perceived reactivity: time from select change to html[lang] DOM update (ms)",
    "raw": [
      32.599999994039536,
      9,
      9.099999994039536,
      8.699999988079071,
      9.5
    ],
    "avg": 13.779999995231629,
    "min": 8.699999988079071,
    "max": 32.599999994039536
  },
  "reactProfiler": {
    "description": "Internal React render time: sum of Profiler actualDuration for update phases (ms)",
    "raw": [
      0,
      0,
      0,
      0,
      0
    ],
    "avg": 0,
    "min": 0,
    "max": 0
  }
}