{
  "locale": "fr",
  "timestamp": "2026-04-13T03:50:27.046Z",
  "iterations": 5,
  "e2e": {
    "description": "Perceived reactivity: time from select change to html[lang] DOM update (ms)",
    "raw": [
      17.900000005960464,
      8.799999982118607,
      8.300000011920929,
      9.099999994039536,
      8.400000005960464
    ],
    "avg": 10.5,
    "min": 8.300000011920929,
    "max": 17.900000005960464
  },
  "reactProfiler": {
    "description": "Internal React render time: sum of Profiler actualDuration for update phases (ms)",
    "raw": [
      0,
      0,
      0,
      0,
      0
    ],
    "avg": 0,
    "min": 0,
    "max": 0
  }
}