{
  "locale": "en",
  "timestamp": "2026-04-13T03:50:23.024Z",
  "iterations": 5,
  "e2e": {
    "description": "Perceived reactivity: time from select change to html[lang] DOM update (ms)",
    "raw": [
      16,
      8.800000011920929,
      9.300000011920929,
      8.200000017881393,
      9.599999994039536
    ],
    "avg": 10.380000007152557,
    "min": 8.200000017881393,
    "max": 16
  },
  "reactProfiler": {
    "description": "Internal React render time: sum of Profiler actualDuration for update phases (ms)",
    "raw": [
      0,
      0,
      0,
      0,
      0
    ],
    "avg": 0,
    "min": 0,
    "max": 0
  }
}