{
  "locale": "fr",
  "timestamp": "2026-04-15T02:29:23.407Z",
  "iterations": 5,
  "e2e": {
    "description": "Perceived reactivity: time from select change to html[lang] DOM update (ms)",
    "raw": [
      14.199999999254942,
      13.200000002980232,
      12,
      12,
      12.399999998509884
    ],
    "avg": 12.760000000149011,
    "min": 12,
    "max": 14.199999999254942
  },
  "reactProfiler": {
    "description": "Internal React render time: sum of Profiler actualDuration for update phases (ms)",
    "raw": [
      0,
      0,
      0,
      0,
      0
    ],
    "avg": 0,
    "min": 0,
    "max": 0
  }
}