{
  "locale": "en",
  "timestamp": "2026-04-15T02:29:19.245Z",
  "iterations": 5,
  "e2e": {
    "description": "Perceived reactivity: time from select change to html[lang] DOM update (ms)",
    "raw": [
      180.30000000074506,
      13.5,
      11.800000000745058,
      12.100000001490116,
      14.599999997764826
    ],
    "avg": 46.46000000014901,
    "min": 11.800000000745058,
    "max": 180.30000000074506
  },
  "reactProfiler": {
    "description": "Internal React render time: sum of Profiler actualDuration for update phases (ms)",
    "raw": [
      0,
      0,
      0,
      0,
      0
    ],
    "avg": 0,
    "min": 0,
    "max": 0
  }
}