{
  "locale": "fr",
  "timestamp": "2026-04-16T03:32:27.107Z",
  "iterations": 5,
  "e2e": {
    "description": "Perceived reactivity: time from select change to html[lang] DOM update (ms)",
    "raw": [
      15.699999988079071,
      37.5,
      11.799999997019768,
      13.399999991059303,
      11.799999997019768
    ],
    "avg": 18.039999994635583,
    "min": 11.799999997019768,
    "max": 37.5
  },
  "reactProfiler": {
    "description": "Internal React render time: sum of Profiler actualDuration for update phases (ms)",
    "raw": [
      0,
      0,
      0,
      0,
      0
    ],
    "avg": 0,
    "min": 0,
    "max": 0
  }
}