{
  "locale": "fr",
  "timestamp": "2026-04-14T00:09:41.640Z",
  "iterations": 5,
  "e2e": {
    "description": "Perceived reactivity: time from select change to html[lang] DOM update (ms)",
    "raw": [
      4.4000000059604645,
      2.100000023841858,
      2.2999999821186066,
      2.0999999940395355,
      2.2000000178813934
    ],
    "avg": 2.6200000047683716,
    "min": 2.0999999940395355,
    "max": 4.4000000059604645
  },
  "reactProfiler": {
    "description": "Internal React render time: sum of Profiler actualDuration for update phases (ms)",
    "raw": [
      0,
      0,
      0,
      0,
      0
    ],
    "avg": 0,
    "min": 0,
    "max": 0
  }
}