{
  "locale": "en",
  "timestamp": "2026-04-14T00:09:37.833Z",
  "iterations": 5,
  "e2e": {
    "description": "Perceived reactivity: time from select change to html[lang] DOM update (ms)",
    "raw": [
      5,
      2.2000000178813934,
      2.0999999940395355,
      2.0999999940395355,
      2.2000000178813934
    ],
    "avg": 2.7200000047683717,
    "min": 2.0999999940395355,
    "max": 5
  },
  "reactProfiler": {
    "description": "Internal React render time: sum of Profiler actualDuration for update phases (ms)",
    "raw": [
      0,
      0,
      0,
      0,
      0
    ],
    "avg": 0,
    "min": 0,
    "max": 0
  }
}