{
  "locale": "fr",
  "timestamp": "2026-04-12T22:18:54.128Z",
  "iterations": 5,
  "e2e": {
    "description": "Perceived reactivity: time from select change to html[lang] DOM update (ms)",
    "raw": [
      10.199999988079071,
      5.200000017881393,
      5.0999999940395355,
      5.699999988079071,
      5.0999999940395355
    ],
    "avg": 6.259999996423721,
    "min": 5.0999999940395355,
    "max": 10.199999988079071
  },
  "reactProfiler": {
    "description": "Internal React render time: sum of Profiler actualDuration for update phases (ms)",
    "raw": [
      0,
      0,
      0,
      0,
      0
    ],
    "avg": 0,
    "min": 0,
    "max": 0
  }
}