{
  "locale": "en",
  "timestamp": "2026-04-12T22:18:49.683Z",
  "iterations": 5,
  "e2e": {
    "description": "Perceived reactivity: time from select change to html[lang] DOM update (ms)",
    "raw": [
      11.299999982118607,
      5.5,
      5.4000000059604645,
      6.0999999940395355,
      5.9000000059604645
    ],
    "avg": 6.839999997615815,
    "min": 5.4000000059604645,
    "max": 11.299999982118607
  },
  "reactProfiler": {
    "description": "Internal React render time: sum of Profiler actualDuration for update phases (ms)",
    "raw": [
      0,
      0,
      0,
      0,
      0
    ],
    "avg": 0,
    "min": 0,
    "max": 0
  }
}