{
  "locale": "fr",
  "timestamp": "2026-04-21T01:34:20.867Z",
  "iterations": 5,
  "e2e": {
    "description": "Perceived reactivity (ms)",
    "raw": [
      21.700000017881393,
      3.800000011920929,
      3.5,
      3.9000000059604645,
      4.200000017881393
    ],
    "avg": 7.420000010728836,
    "min": 3.5,
    "max": 21.700000017881393
  },
  "reactProfiler": {
    "description": "Internal React render (ms)",
    "raw": [
      11.099999994039536,
      2.4000000059604645,
      0,
      2.300000011920929,
      2.2000000178813934
    ],
    "avg": 3.6000000059604647,
    "min": 0,
    "max": 11.099999994039536
  }
}