{
  "locale": "fr",
  "timestamp": "2026-04-20T02:58:29.465Z",
  "iterations": 5,
  "e2e": {
    "description": "Perceived reactivity (ms)",
    "raw": [
      22.900000005960464,
      4,
      4,
      3.800000011920929,
      4.4000000059604645
    ],
    "avg": 7.820000004768372,
    "min": 3.800000011920929,
    "max": 22.900000005960464
  },
  "reactProfiler": {
    "description": "Internal React render (ms)",
    "raw": [
      12.099999994039536,
      3,
      0,
      2.7999999970197678,
      2.3999999910593033
    ],
    "avg": 4.059999996423722,
    "min": 0,
    "max": 12.099999994039536
  }
}