{
  "locale": "en",
  "timestamp": "2026-04-21T01:34:20.110Z",
  "iterations": 5,
  "e2e": {
    "description": "Perceived reactivity (ms)",
    "raw": [
      22,
      4.200000017881393,
      3.7999999821186066,
      3.399999976158142,
      3.9000000059604645
    ],
    "avg": 7.459999996423721,
    "min": 3.399999976158142,
    "max": 22
  },
  "reactProfiler": {
    "description": "Internal React render (ms)",
    "raw": [
      10.800000011920929,
      2.300000011920929,
      0,
      2.2999999821186066,
      2.300000011920929
    ],
    "avg": 3.540000003576279,
    "min": 0,
    "max": 10.800000011920929
  }
}