{
  "locale": "fr",
  "timestamp": "2026-04-20T02:53:36.521Z",
  "iterations": 5,
  "e2ePageLoad": {
    "description": "PerformanceNavigationTiming.duration — full page load wall-clock time including sub-resources (ms)",
    "raw": [
      15.5,
      14,
      15.700000002980232,
      15.299999997019768,
      15.200000002980232
    ],
    "avg": 15.140000000596046,
    "min": 14,
    "max": 15.700000002980232
  },
  "hydration": {
    "description": "performance.measure('hydration_duration') — time between hydration_start mark (inline script) and hydration_end mark (useEffect) (ms). 0 means app is not instrumented.",
    "raw": [
      39.20000000298023,
      20.200000002980232,
      16.600000008940697,
      17,
      15.400000005960464
    ],
    "avg": 21.680000004172324,
    "min": 15.400000005960464,
    "max": 39.20000000298023
  },
  "reactMount": {
    "description": "React Profiler actualDuration for the mount phase of <AppRoot>. 0 means Profiler is not wired up (ms).",
    "raw": [
      15.400000005960464,
      2.3999999910593033,
      2.2999999970197678,
      3.6000000089406967,
      2.5
    ],
    "avg": 5.240000000596046,
    "min": 2.2999999970197678,
    "max": 15.400000005960464
  }
}