{
  "locale": "en",
  "timestamp": "2026-04-21T01:34:15.382Z",
  "iterations": 5,
  "e2ePageLoad": {
    "description": "PerformanceNavigationTiming.duration — full page load wall-clock time including sub-resources (ms)",
    "raw": [
      14.599999994039536,
      16.599999994039536,
      17.19999998807907,
      16.799999982118607,
      13.5
    ],
    "avg": 15.739999991655349,
    "min": 13.5,
    "max": 17.19999998807907
  },
  "hydration": {
    "description": "performance.measure('hydration_duration') — time between hydration_start mark (inline script) and hydration_end mark (useEffect) (ms). 0 means app is not instrumented.",
    "raw": [
      57,
      23.19999998807907,
      16,
      15.800000011920929,
      14.400000005960464
    ],
    "avg": 25.280000001192093,
    "min": 14.400000005960464,
    "max": 57
  },
  "reactMount": {
    "description": "React Profiler actualDuration for the mount phase of <AppRoot>. 0 means Profiler is not wired up (ms).",
    "raw": [
      27.099999994039536,
      3.2000000178813934,
      2.2999999821186066,
      2.5999999940395355,
      2.5
    ],
    "avg": 7.539999997615814,
    "min": 2.2999999821186066,
    "max": 27.099999994039536
  }
}