{
  "locale": "fr",
  "timestamp": "2026-04-21T01:34:16.194Z",
  "iterations": 5,
  "e2ePageLoad": {
    "description": "PerformanceNavigationTiming.duration — full page load wall-clock time including sub-resources (ms)",
    "raw": [
      15.5,
      13.599999994039536,
      14.099999994039536,
      14.699999988079071,
      13.900000005960464
    ],
    "avg": 14.35999999642372,
    "min": 13.599999994039536,
    "max": 15.5
  },
  "hydration": {
    "description": "performance.measure('hydration_duration') — time between hydration_start mark (inline script) and hydration_end mark (useEffect) (ms). 0 means app is not instrumented.",
    "raw": [
      46,
      19.899999976158142,
      15.099999994039536,
      15.300000011920929,
      14.099999994039536
    ],
    "avg": 22.079999995231628,
    "min": 14.099999994039536,
    "max": 46
  },
  "reactMount": {
    "description": "React Profiler actualDuration for the mount phase of <AppRoot>. 0 means Profiler is not wired up (ms).",
    "raw": [
      13.900000005960464,
      2.5,
      2.899999976158142,
      2.2999999821186066,
      2.199999988079071
    ],
    "avg": 4.759999990463257,
    "min": 2.199999988079071,
    "max": 13.900000005960464
  }
}