{
  "locale": "en",
  "timestamp": "2026-04-12T20:44:40.750Z",
  "iterations": 5,
  "e2e": {
    "description": "Perceived reactivity: time from select change to html[lang] DOM update (ms)",
    "raw": [
      28.900000005960464,
      18.400000005960464,
      11.899999976158142,
      20.200000017881393,
      7.9000000059604645
    ],
    "avg": 17.460000002384184,
    "min": 7.9000000059604645,
    "max": 28.900000005960464
  },
  "reactProfiler": {
    "description": "Internal React render time: sum of Profiler actualDuration for update phases (ms)",
    "raw": [
      0,
      0,
      0,
      0,
      0
    ],
    "avg": 0,
    "min": 0,
    "max": 0
  }
}