{
  "locale": "en",
  "timestamp": "2026-04-11T22:04:28.860Z",
  "iterations": 5,
  "e2e": {
    "description": "Perceived reactivity: time from select change to html[lang] DOM update (ms)",
    "raw": [
      8,
      3.5,
      3.5999999940395355,
      3.2999999970197678,
      3.0999999940395355
    ],
    "avg": 4.299999997019768,
    "min": 3.0999999940395355,
    "max": 8
  },
  "reactProfiler": {
    "description": "Internal React render time: sum of Profiler actualDuration for update phases (ms)",
    "raw": [
      0,
      0,
      0,
      0,
      0
    ],
    "avg": 0,
    "min": 0,
    "max": 0
  }
}