{
  "locale": "en",
  "timestamp": "2026-04-12T00:33:55.469Z",
  "iterations": 5,
  "e2e": {
    "description": "Perceived reactivity: time from select change to html[lang] DOM update (ms)",
    "raw": [
      9.200000002980232,
      3.0999999940395355,
      2.8999999910593033,
      3.0999999940395355,
      3
    ],
    "avg": 4.259999996423721,
    "min": 2.8999999910593033,
    "max": 9.200000002980232
  },
  "reactProfiler": {
    "description": "Internal React render time: sum of Profiler actualDuration for update phases (ms)",
    "raw": [
      0,
      0,
      0,
      0,
      0
    ],
    "avg": 0,
    "min": 0,
    "max": 0
  }
}