{
  "locale": "fr",
  "timestamp": "2026-04-11T22:04:33.268Z",
  "iterations": 5,
  "e2e": {
    "description": "Perceived reactivity: time from select change to html[lang] DOM update (ms)",
    "raw": [
      6.200000002980232,
      3.300000011920929,
      3.2000000029802322,
      3,
      3.2999999970197678
    ],
    "avg": 3.8000000029802323,
    "min": 3,
    "max": 6.200000002980232
  },
  "reactProfiler": {
    "description": "Internal React render time: sum of Profiler actualDuration for update phases (ms)",
    "raw": [
      0,
      0,
      0,
      0,
      0
    ],
    "avg": 0,
    "min": 0,
    "max": 0
  }
}