{
  "locale": "en",
  "timestamp": "2026-04-11T01:40:29.666Z",
  "iterations": 5,
  "e2e": {
    "description": "Perceived reactivity: time from select change to html[lang] DOM update (ms)",
    "raw": [
      10.199999999720603,
      3.6000000000931323,
      3.8999999999068677,
      3.2000000001862645,
      3
    ],
    "avg": 4.779999999981373,
    "min": 3,
    "max": 10.199999999720603
  },
  "reactProfiler": {
    "description": "Internal React render time: sum of Profiler actualDuration for update phases (ms)",
    "raw": [
      0,
      0,
      0,
      0,
      0
    ],
    "avg": 0,
    "min": 0,
    "max": 0
  }
}