{
  "locale": "fr",
  "timestamp": "2026-04-12T00:34:00.020Z",
  "iterations": 5,
  "e2e": {
    "description": "Perceived reactivity: time from select change to html[lang] DOM update (ms)",
    "raw": [
      6.200000002980232,
      3.0999999940395355,
      3.2999999970197678,
      3.2000000029802322,
      2.7999999970197678
    ],
    "avg": 3.719999998807907,
    "min": 2.7999999970197678,
    "max": 6.200000002980232
  },
  "reactProfiler": {
    "description": "Internal React render time: sum of Profiler actualDuration for update phases (ms)",
    "raw": [
      0,
      0,
      0,
      0,
      0
    ],
    "avg": 0,
    "min": 0,
    "max": 0
  }
}