{
  "locale": "fr",
  "timestamp": "2026-04-11T01:40:36.417Z",
  "iterations": 5,
  "e2e": {
    "description": "Perceived reactivity: time from select change to html[lang] DOM update (ms)",
    "raw": [
      7.600000000093132,
      3.3999999999068677,
      4.100000000093132,
      4,
      4.300000000279397
    ],
    "avg": 4.6800000000745055,
    "min": 3.3999999999068677,
    "max": 7.600000000093132
  },
  "reactProfiler": {
    "description": "Internal React render time: sum of Profiler actualDuration for update phases (ms)",
    "raw": [
      0,
      0,
      0,
      0,
      0
    ],
    "avg": 0,
    "min": 0,
    "max": 0
  }
}