{
  "locale": "en",
  "timestamp": "2026-04-14T00:07:23.794Z",
  "iterations": 5,
  "e2e": {
    "description": "Perceived reactivity: time from select change to html[lang] DOM update (ms)",
    "raw": [
      58,
      9.400000005960464,
      8.400000005960464,
      8.199999988079071,
      7.5999999940395355
    ],
    "avg": 18.31999999880791,
    "min": 7.5999999940395355,
    "max": 58
  },
  "reactProfiler": {
    "description": "Internal React render time: sum of Profiler actualDuration for update phases (ms)",
    "raw": [
      0,
      0,
      0,
      0,
      0
    ],
    "avg": 0,
    "min": 0,
    "max": 0
  }
}