{
  "locale": "fr",
  "timestamp": "2026-04-14T00:07:27.960Z",
  "iterations": 5,
  "e2e": {
    "description": "Perceived reactivity: time from select change to html[lang] DOM update (ms)",
    "raw": [
      20.400000005960464,
      13,
      10.400000005960464,
      10.800000011920929,
      8.599999994039536
    ],
    "avg": 12.64000000357628,
    "min": 8.599999994039536,
    "max": 20.400000005960464
  },
  "reactProfiler": {
    "description": "Internal React render time: sum of Profiler actualDuration for update phases (ms)",
    "raw": [
      0,
      0,
      0,
      0,
      0
    ],
    "avg": 0,
    "min": 0,
    "max": 0
  }
}