{
  "locale": "en",
  "timestamp": "2026-04-20T01:49:39.073Z",
  "iterations": 5,
  "e2e": {
    "description": "Perceived reactivity (ms)",
    "raw": [
      75.40000000596046,
      12.099999994039536,
      19.299999997019768,
      15.099999994039536,
      12.300000011920929
    ],
    "avg": 26.840000000596046,
    "min": 12.099999994039536,
    "max": 75.40000000596046
  },
  "reactProfiler": {
    "description": "Internal React render (ms)",
    "raw": [
      6.299999997019768,
      3.5999999940395355,
      3.9000000059604645,
      3.7999999970197678,
      3.0999999940395355
    ],
    "avg": 4.139999997615814,
    "min": 3.0999999940395355,
    "max": 6.299999997019768
  }
}