{
  "locale": "fr",
  "timestamp": "2026-04-20T01:49:40.064Z",
  "iterations": 5,
  "e2e": {
    "description": "Perceived reactivity (ms)",
    "raw": [
      15.599999994039536,
      16.400000005960464,
      11.600000008940697,
      12.399999991059303,
      12.900000005960464
    ],
    "avg": 13.780000001192093,
    "min": 11.600000008940697,
    "max": 16.400000005960464
  },
  "reactProfiler": {
    "description": "Internal React render (ms)",
    "raw": [
      4,
      3.8999999910593033,
      3.4000000059604645,
      3.2999999970197678,
      3.2000000029802322
    ],
    "avg": 3.5599999994039537,
    "min": 3.2000000029802322,
    "max": 4
  }
}