{
  "locale": "fr",
  "timestamp": "2026-04-20T01:49:44.313Z",
  "iterations": 5,
  "e2ePageLoad": {
    "description": "PerformanceNavigationTiming.duration — full page load wall-clock time including sub-resources (ms)",
    "raw": [
      20.900000005960464,
      16.19999998807907,
      17.5,
      15.700000002980232,
      17.599999994039536
    ],
    "avg": 17.57999999821186,
    "min": 15.700000002980232,
    "max": 20.900000005960464
  },
  "hydration": {
    "description": "performance.measure('hydration_duration') — time between hydration_start mark (inline script) and hydration_end mark (useEffect) (ms). 0 means app is not instrumented.",
    "raw": [
      27.399999991059303,
      8.5,
      7.5999999940395355,
      9,
      6.0999999940395355
    ],
    "avg": 11.719999995827674,
    "min": 6.0999999940395355,
    "max": 27.399999991059303
  },
  "reactMount": {
    "description": "React Profiler actualDuration for the mount phase of <AppRoot>. 0 means Profiler is not wired up (ms).",
    "raw": [
      16.099999994039536,
      1.0999999940395355,
      2.2000000029802322,
      1.0999999940395355,
      1.2000000029802322
    ],
    "avg": 4.339999997615815,
    "min": 1.0999999940395355,
    "max": 16.099999994039536
  }
}