{
  "locale": "fr",
  "timestamp": "2026-04-20T02:37:53.291Z",
  "iterations": 5,
  "e2e": {
    "description": "Perceived reactivity (ms)",
    "raw": [
      18.5,
      5.200000002980232,
      3.4000000059604645,
      4.100000008940697,
      4.300000011920929
    ],
    "avg": 7.100000005960465,
    "min": 3.4000000059604645,
    "max": 18.5
  },
  "reactProfiler": {
    "description": "Internal React render (ms)",
    "raw": [
      7.100000008940697,
      1.8999999910593033,
      0,
      0,
      1.7999999970197678
    ],
    "avg": 2.1599999994039534,
    "min": 0,
    "max": 7.100000008940697
  }
}