{
  "locale": "en",
  "timestamp": "2026-04-20T02:37:52.488Z",
  "iterations": 5,
  "e2e": {
    "description": "Perceived reactivity (ms)",
    "raw": [
      15.899999991059303,
      4.799999997019768,
      4.100000008940697,
      3.3999999910593033,
      5.0999999940395355
    ],
    "avg": 6.659999996423721,
    "min": 3.3999999910593033,
    "max": 15.899999991059303
  },
  "reactProfiler": {
    "description": "Internal React render (ms)",
    "raw": [
      3.7999999970197678,
      0,
      3.0999999940395355,
      0,
      2.1000000089406967
    ],
    "avg": 1.8,
    "min": 0,
    "max": 3.7999999970197678
  }
}