{
  "locale": "en",
  "timestamp": "2026-04-20T02:36:15.152Z",
  "iterations": 5,
  "e2e": {
    "description": "Perceived reactivity (ms)",
    "raw": [
      39.20000000298023,
      6.200000002980232,
      7,
      4.5999999940395355,
      4.0999999940395355
    ],
    "avg": 12.219999998807907,
    "min": 4.0999999940395355,
    "max": 39.20000000298023
  },
  "reactProfiler": {
    "description": "Internal React render (ms)",
    "raw": [
      19.099999994039536,
      0,
      2.5,
      0,
      0
    ],
    "avg": 4.319999998807907,
    "min": 0,
    "max": 19.099999994039536
  }
}