{
  "locale": "fr",
  "timestamp": "2026-04-20T02:36:16.088Z",
  "iterations": 5,
  "e2e": {
    "description": "Perceived reactivity (ms)",
    "raw": [
      17.900000005960464,
      5.5999999940395355,
      4.5,
      4.299999997019768,
      4.699999988079071
    ],
    "avg": 7.399999997019767,
    "min": 4.299999997019768,
    "max": 17.900000005960464
  },
  "reactProfiler": {
    "description": "Internal React render (ms)",
    "raw": [
      2.9000000059604645,
      0,
      0,
      0,
      0
    ],
    "avg": 0.5800000011920929,
    "min": 0,
    "max": 2.9000000059604645
  }
}