{
  "locale": "en",
  "timestamp": "2026-04-14T03:27:30.400Z",
  "iterations": 5,
  "e2e": {
    "description": "Perceived reactivity: time from select change to html[lang] DOM update (ms)",
    "raw": [
      18.19999998807907,
      10.5,
      11.699999988079071,
      10.099999964237213,
      14.600000023841858
    ],
    "avg": 13.019999992847442,
    "min": 10.099999964237213,
    "max": 18.19999998807907
  },
  "reactProfiler": {
    "description": "Internal React render time: sum of Profiler actualDuration for update phases (ms)",
    "raw": [
      0,
      0,
      0,
      0,
      0
    ],
    "avg": 0,
    "min": 0,
    "max": 0
  }
}