{
  "locale": "fr",
  "timestamp": "2026-04-14T03:27:34.342Z",
  "iterations": 5,
  "e2e": {
    "description": "Perceived reactivity: time from select change to html[lang] DOM update (ms)",
    "raw": [
      14.600000023841858,
      11.300000011920929,
      9.800000011920929,
      10.199999988079071,
      12.300000011920929
    ],
    "avg": 11.640000009536744,
    "min": 9.800000011920929,
    "max": 14.600000023841858
  },
  "reactProfiler": {
    "description": "Internal React render time: sum of Profiler actualDuration for update phases (ms)",
    "raw": [
      0,
      0,
      0,
      0,
      0
    ],
    "avg": 0,
    "min": 0,
    "max": 0
  }
}