{
  "locale": "en",
  "timestamp": "2026-04-17T01:55:12.536Z",
  "iterations": 5,
  "e2e": {
    "description": "Perceived reactivity: time from select change to html[lang] DOM update (ms)",
    "raw": [
      44.10000002384186,
      17.400000005960464,
      17.900000005960464,
      15.599999994039536,
      19
    ],
    "avg": 22.800000005960463,
    "min": 15.599999994039536,
    "max": 44.10000002384186
  },
  "reactProfiler": {
    "description": "Internal React render time: sum of Profiler actualDuration for update phases (ms)",
    "raw": [
      14.000000059604645,
      3.5,
      3.100000023841858,
      3.699999988079071,
      2.900000035762787
    ],
    "avg": 5.4400000214576725,
    "min": 2.900000035762787,
    "max": 14.000000059604645
  }
}