{
  "locale": "fr",
  "timestamp": "2026-04-17T08:19:23.010Z",
  "iterations": 5,
  "e2e": {
    "description": "Perceived reactivity (ms)",
    "raw": [
      49.30000001192093,
      12.400000005960464,
      10.700000017881393,
      10.5,
      12.299999982118607
    ],
    "avg": 19.040000003576278,
    "min": 10.5,
    "max": 49.30000001192093
  },
  "reactProfiler": {
    "description": "Internal React render (ms)",
    "raw": [
      12.800000011920929,
      2.5999999940395355,
      2.9000000059604645,
      1.9000000059604645,
      2.0999999940395355
    ],
    "avg": 4.460000002384186,
    "min": 1.9000000059604645,
    "max": 12.800000011920929
  }
}