{
  "locale": "en",
  "timestamp": "2026-04-20T02:51:20.146Z",
  "iterations": 5,
  "e2ePageLoad": {
    "description": "PerformanceNavigationTiming.duration — full page load wall-clock time including sub-resources (ms)",
    "raw": [
      17.799999997019768,
      17.700000002980232,
      18,
      22.30000001192093,
      20.899999991059303
    ],
    "avg": 19.340000000596046,
    "min": 17.700000002980232,
    "max": 22.30000001192093
  },
  "hydration": {
    "description": "performance.measure('hydration_duration') — time between hydration_start mark (inline script) and hydration_end mark (useEffect) (ms). 0 means app is not instrumented.",
    "raw": [
      65.3999999910593,
      23.700000002980232,
      14.699999988079071,
      19.299999997019768,
      16.400000005960464
    ],
    "avg": 27.89999999701977,
    "min": 14.699999988079071,
    "max": 65.3999999910593
  },
  "reactMount": {
    "description": "React Profiler actualDuration for the mount phase of <AppRoot>. 0 means Profiler is not wired up (ms).",
    "raw": [
      26.799999997019768,
      2,
      1.5,
      1.5999999940395355,
      1.7999999970197678
    ],
    "avg": 6.739999997615814,
    "min": 1.5,
    "max": 26.799999997019768
  }
}