{
  "locale": "en",
  "timestamp": "2026-04-21T01:09:13.072Z",
  "iterations": 5,
  "e2e": {
    "description": "Perceived reactivity (ms)",
    "raw": [
      23.600000023841858,
      19.200000017881393,
      16.799999982118607,
      17.200000017881393,
      15
    ],
    "avg": 18.36000000834465,
    "min": 15,
    "max": 23.600000023841858
  },
  "reactProfiler": {
    "description": "Internal React render (ms)",
    "raw": [
      7.100000023841858,
      4.4000000059604645,
      4.0999999940395355,
      4.5,
      4.5
    ],
    "avg": 4.920000004768371,
    "min": 4.0999999940395355,
    "max": 7.100000023841858
  }
}