{
  "locale": "fr",
  "timestamp": "2026-04-21T01:09:13.965Z",
  "iterations": 5,
  "e2e": {
    "description": "Perceived reactivity (ms)",
    "raw": [
      19,
      14.900000005960464,
      12.800000011920929,
      15.200000017881393,
      13.800000011920929
    ],
    "avg": 15.140000009536744,
    "min": 12.800000011920929,
    "max": 19
  },
  "reactProfiler": {
    "description": "Internal React render (ms)",
    "raw": [
      5.699999988079071,
      4.5,
      3.699999988079071,
      3.7999999821186066,
      4.200000017881393
    ],
    "avg": 4.379999995231628,
    "min": 3.699999988079071,
    "max": 5.699999988079071
  }
}