{
  "locale": "en",
  "timestamp": "2026-04-21T00:53:48.754Z",
  "iterations": 5,
  "e2e": {
    "description": "Perceived reactivity (ms)",
    "raw": [
      32.30000001192093,
      20.099999994039536,
      18.599999994039536,
      17.69999998807907,
      16.80000001192093
    ],
    "avg": 21.1,
    "min": 16.80000001192093,
    "max": 32.30000001192093
  },
  "reactProfiler": {
    "description": "Internal React render (ms)",
    "raw": [
      6.800000011920929,
      5.700000017881393,
      5.500000029802322,
      5.199999988079071,
      5.300000011920929
    ],
    "avg": 5.700000011920929,
    "min": 5.199999988079071,
    "max": 6.800000011920929
  }
}