{
  "locale": "fr",
  "timestamp": "2026-04-21T00:53:49.819Z",
  "iterations": 5,
  "e2e": {
    "description": "Perceived reactivity (ms)",
    "raw": [
      27.599999994039536,
      21,
      18.400000005960464,
      19.099999994039536,
      15.599999994039536
    ],
    "avg": 20.339999997615813,
    "min": 15.599999994039536,
    "max": 27.599999994039536
  },
  "reactProfiler": {
    "description": "Internal React render (ms)",
    "raw": [
      7.799999982118607,
      5.499999970197678,
      5.0999999940395355,
      5.300000011920929,
      4.900000035762787
    ],
    "avg": 5.719999998807907,
    "min": 4.900000035762787,
    "max": 7.799999982118607
  }
}