{
  "locale": "en",
  "timestamp": "2026-04-15T20:57:20.809Z",
  "iterations": 5,
  "e2e": {
    "description": "Perceived reactivity: time from select change to html[lang] DOM update (ms)",
    "raw": [
      10.5,
      3.2999999970197678,
      6.5,
      5.5999999940395355,
      7.4000000059604645
    ],
    "avg": 6.659999999403953,
    "min": 3.2999999970197678,
    "max": 10.5
  },
  "reactProfiler": {
    "description": "Internal React render time: sum of Profiler actualDuration for update phases (ms)",
    "raw": [
      0,
      0,
      0,
      0,
      0
    ],
    "avg": 0,
    "min": 0,
    "max": 0
  }
}