{
  "locale": "fr",
  "timestamp": "2026-04-15T20:41:42.451Z",
  "iterations": 5,
  "e2e": {
    "description": "Perceived reactivity: time from select change to html[lang] DOM update (ms)",
    "raw": [
      7.299999997019768,
      4,
      3.7999999970197678,
      3.800000011920929,
      3.4000000059604645
    ],
    "avg": 4.460000002384186,
    "min": 3.4000000059604645,
    "max": 7.299999997019768
  },
  "reactProfiler": {
    "description": "Internal React render time: sum of Profiler actualDuration for update phases (ms)",
    "raw": [
      0,
      0,
      0,
      0,
      0
    ],
    "avg": 0,
    "min": 0,
    "max": 0
  }
}