{
  "locale": "en",
  "timestamp": "2026-04-15T20:41:38.449Z",
  "iterations": 5,
  "e2e": {
    "description": "Perceived reactivity: time from select change to html[lang] DOM update (ms)",
    "raw": [
      8.5,
      3.3999999910593033,
      3.7000000029802322,
      3.699999988079071,
      3.5
    ],
    "avg": 4.559999996423722,
    "min": 3.3999999910593033,
    "max": 8.5
  },
  "reactProfiler": {
    "description": "Internal React render time: sum of Profiler actualDuration for update phases (ms)",
    "raw": [
      0,
      0,
      0,
      0,
      0
    ],
    "avg": 0,
    "min": 0,
    "max": 0
  }
}