{
  "locale": "en",
  "timestamp": "2026-04-12T23:46:50.202Z",
  "iterations": 5,
  "e2e": {
    "description": "Perceived reactivity: time from select change to html[lang] DOM update (ms)",
    "raw": [
      11.900000005960464,
      4.9000000059604645,
      5.299999982118607,
      4.5,
      4.5999999940395355
    ],
    "avg": 6.239999997615814,
    "min": 4.5,
    "max": 11.900000005960464
  },
  "reactProfiler": {
    "description": "Internal React render time: sum of Profiler actualDuration for update phases (ms)",
    "raw": [
      0,
      0,
      0,
      0,
      0
    ],
    "avg": 0,
    "min": 0,
    "max": 0
  }
}