{
  "locale": "fr",
  "timestamp": "2026-04-12T23:46:54.328Z",
  "iterations": 5,
  "e2e": {
    "description": "Perceived reactivity: time from select change to html[lang] DOM update (ms)",
    "raw": [
      8.299999982118607,
      4.699999988079071,
      6.200000017881393,
      6.699999988079071,
      6.4000000059604645
    ],
    "avg": 6.459999996423721,
    "min": 4.699999988079071,
    "max": 8.299999982118607
  },
  "reactProfiler": {
    "description": "Internal React render time: sum of Profiler actualDuration for update phases (ms)",
    "raw": [
      0,
      0,
      0,
      0,
      0
    ],
    "avg": 0,
    "min": 0,
    "max": 0
  }
}