{
  "locale": "fr",
  "timestamp": "2026-04-16T04:10:11.087Z",
  "iterations": 5,
  "e2e": {
    "description": "Perceived reactivity: time from select change to html[lang] DOM update (ms)",
    "raw": [
      18.100000008940697,
      4.699999988079071,
      5.399999991059303,
      5.100000008940697,
      5.399999991059303
    ],
    "avg": 7.739999997615814,
    "min": 4.699999988079071,
    "max": 18.100000008940697
  },
  "reactProfiler": {
    "description": "Internal React render time: sum of Profiler actualDuration for update phases (ms)",
    "raw": [
      4.799999997019768,
      2,
      3.600000023841858,
      2.300000011920929,
      2.4000000059604645
    ],
    "avg": 3.020000007748604,
    "min": 2,
    "max": 4.799999997019768
  }
}