{
  "locale": "en",
  "timestamp": "2026-04-16T04:10:07.167Z",
  "iterations": 5,
  "e2e": {
    "description": "Perceived reactivity: time from select change to html[lang] DOM update (ms)",
    "raw": [
      16.099999994039536,
      4.800000011920929,
      5.600000008940697,
      5.0999999940395355,
      5.399999991059303
    ],
    "avg": 7.4,
    "min": 4.800000011920929,
    "max": 16.099999994039536
  },
  "reactProfiler": {
    "description": "Internal React render time: sum of Profiler actualDuration for update phases (ms)",
    "raw": [
      4.30000002682209,
      2.199999988079071,
      2.6000000089406967,
      2.2999999672174454,
      2.199999988079071
    ],
    "avg": 2.719999995827675,
    "min": 2.199999988079071,
    "max": 4.30000002682209
  }
}