{
  "locale": "en",
  "timestamp": "2026-04-15T23:50:34.621Z",
  "iterations": 5,
  "e2e": {
    "description": "Perceived reactivity: time from select change to html[lang] DOM update (ms)",
    "raw": [
      7.5,
      4.700000002980232,
      4.5999999940395355,
      4.5999999940395355,
      4.700000002980232
    ],
    "avg": 5.219999998807907,
    "min": 4.5999999940395355,
    "max": 7.5
  },
  "reactProfiler": {
    "description": "Internal React render time: sum of Profiler actualDuration for update phases (ms)",
    "raw": [
      2.4000000059604645,
      1.7000000029802322,
      1.399999976158142,
      1.5000000149011612,
      1.4999999850988388
    ],
    "avg": 1.6999999970197677,
    "min": 1.399999976158142,
    "max": 2.4000000059604645
  }
}