{
  "locale": "fr",
  "timestamp": "2026-04-15T23:50:38.596Z",
  "iterations": 5,
  "e2e": {
    "description": "Perceived reactivity: time from select change to html[lang] DOM update (ms)",
    "raw": [
      6.799999997019768,
      4.5,
      4.200000002980232,
      4.5,
      4.700000002980232
    ],
    "avg": 4.940000000596046,
    "min": 4.200000002980232,
    "max": 6.799999997019768
  },
  "reactProfiler": {
    "description": "Internal React render time: sum of Profiler actualDuration for update phases (ms)",
    "raw": [
      1.7999999970197678,
      1.7000000029802322,
      1.4999999850988388,
      1.5,
      1.5000000149011612
    ],
    "avg": 1.6,
    "min": 1.4999999850988388,
    "max": 1.7999999970197678
  }
}