{
  "locale": "en",
  "timestamp": "2026-04-21T01:14:28.607Z",
  "iterations": 5,
  "e2ePageLoad": {
    "description": "PerformanceNavigationTiming.duration — full page load wall-clock time including sub-resources (ms)",
    "raw": [
      24.599999994039536,
      46.599999994039536,
      23.100000023841858,
      28.600000023841858,
      20.400000005960464
    ],
    "avg": 28.66000000834465,
    "min": 20.400000005960464,
    "max": 46.599999994039536
  },
  "hydration": {
    "description": "performance.measure('hydration_duration') — time between hydration_start mark (inline script) and hydration_end mark (useEffect) (ms). 0 means app is not instrumented.",
    "raw": [
      65.7000000178814,
      35.5,
      17,
      18.099999994039536,
      19.299999982118607
    ],
    "avg": 31.119999998807906,
    "min": 17,
    "max": 65.7000000178814
  },
  "reactMount": {
    "description": "React Profiler actualDuration for the mount phase of <AppRoot>. 0 means Profiler is not wired up (ms).",
    "raw": [
      31.099999994039536,
      2.2999999821186066,
      2,
      1.5999999940395355,
      1.699999988079071
    ],
    "avg": 7.73999999165535,
    "min": 1.5999999940395355,
    "max": 31.099999994039536
  }
}