{
  "locale": "en",
  "timestamp": "2026-04-15T21:51:32.285Z",
  "iterations": 5,
  "e2e": {
    "description": "Perceived reactivity: time from select change to html[lang] DOM update (ms)",
    "raw": [
      10.100000008940697,
      5.5,
      4.299999997019768,
      4.5,
      4.5999999940395355
    ],
    "avg": 5.8,
    "min": 4.299999997019768,
    "max": 10.100000008940697
  },
  "reactProfiler": {
    "description": "Internal React render time: sum of Profiler actualDuration for update phases (ms)",
    "raw": [
      2.2000000029802322,
      1.9000000059604645,
      1.699999988079071,
      2,
      1.7999999970197678
    ],
    "avg": 1.919999998807907,
    "min": 1.699999988079071,
    "max": 2.2000000029802322
  }
}