{
  "locale": "fr",
  "timestamp": "2026-04-15T21:51:36.358Z",
  "iterations": 5,
  "e2e": {
    "description": "Perceived reactivity: time from select change to html[lang] DOM update (ms)",
    "raw": [
      7.4000000059604645,
      4.5,
      5.299999997019768,
      4.799999997019768,
      4.700000002980232
    ],
    "avg": 5.340000000596047,
    "min": 4.5,
    "max": 7.4000000059604645
  },
  "reactProfiler": {
    "description": "Internal React render time: sum of Profiler actualDuration for update phases (ms)",
    "raw": [
      2,
      1.7999999970197678,
      2.2000000029802322,
      1.9000000059604645,
      1.7999999970197678
    ],
    "avg": 1.9400000005960465,
    "min": 1.7999999970197678,
    "max": 2.2000000029802322
  }
}