{
  "locale": "fr",
  "timestamp": "2026-04-13T23:57:20.486Z",
  "iterations": 5,
  "e2e": {
    "description": "Perceived reactivity: time from select change to html[lang] DOM update (ms)",
    "raw": [
      8.699999988079071,
      5.699999988079071,
      6.300000011920929,
      6.4000000059604645,
      9.699999988079071
    ],
    "avg": 7.3599999964237215,
    "min": 5.699999988079071,
    "max": 9.699999988079071
  },
  "reactProfiler": {
    "description": "Internal React render time: sum of Profiler actualDuration for update phases (ms)",
    "raw": [
      0,
      0,
      0,
      0,
      0
    ],
    "avg": 0,
    "min": 0,
    "max": 0
  }
}