{
  "locale": "en",
  "timestamp": "2026-04-13T23:57:16.605Z",
  "iterations": 5,
  "e2e": {
    "description": "Perceived reactivity: time from select change to html[lang] DOM update (ms)",
    "raw": [
      47.70000001788139,
      6,
      5.800000011920929,
      6,
      8.200000017881393
    ],
    "avg": 14.740000009536743,
    "min": 5.800000011920929,
    "max": 47.70000001788139
  },
  "reactProfiler": {
    "description": "Internal React render time: sum of Profiler actualDuration for update phases (ms)",
    "raw": [
      0,
      0,
      0,
      0,
      0
    ],
    "avg": 0,
    "min": 0,
    "max": 0
  }
}