{
  "locale": "en",
  "timestamp": "2026-04-16T21:52:42.669Z",
  "iterations": 5,
  "e2e": {
    "description": "Perceived reactivity: time from select change to html[lang] DOM update (ms)",
    "raw": [
      14.299999982118607,
      10.199999988079071,
      11.099999994039536,
      10.099999994039536,
      10.599999994039536
    ],
    "avg": 11.259999990463257,
    "min": 10.099999994039536,
    "max": 14.299999982118607
  },
  "reactProfiler": {
    "description": "Internal React render time: sum of Profiler actualDuration for update phases (ms)",
    "raw": [
      0,
      0,
      0,
      0,
      0
    ],
    "avg": 0,
    "min": 0,
    "max": 0
  }
}