{
  "locale": "fr",
  "timestamp": "2026-04-16T21:52:46.994Z",
  "iterations": 5,
  "e2e": {
    "description": "Perceived reactivity: time from select change to html[lang] DOM update (ms)",
    "raw": [
      11.899999976158142,
      13.100000023841858,
      11.599999994039536,
      9.5,
      9.600000023841858
    ],
    "avg": 11.14000000357628,
    "min": 9.5,
    "max": 13.100000023841858
  },
  "reactProfiler": {
    "description": "Internal React render time: sum of Profiler actualDuration for update phases (ms)",
    "raw": [
      0,
      0,
      0,
      0,
      0
    ],
    "avg": 0,
    "min": 0,
    "max": 0
  }
}