{
  "locale": "en",
  "timestamp": "2026-04-20T01:30:50.262Z",
  "iterations": 5,
  "e2e": {
    "description": "Perceived reactivity (ms)",
    "raw": [
      23.299999997019768,
      14.400000005960464,
      14.299999997019768,
      15.5,
      13.200000002980232
    ],
    "avg": 16.140000000596046,
    "min": 13.200000002980232,
    "max": 23.299999997019768
  },
  "reactProfiler": {
    "description": "Internal React render (ms)",
    "raw": [
      6,
      4,
      4.200000002980232,
      4.200000002980232,
      3.6000000089406967
    ],
    "avg": 4.400000002980232,
    "min": 3.6000000089406967,
    "max": 6
  }
}