{
  "locale": "fr",
  "timestamp": "2026-04-20T01:30:51.178Z",
  "iterations": 5,
  "e2e": {
    "description": "Perceived reactivity (ms)",
    "raw": [
      25.700000002980232,
      12.400000005960464,
      14.600000008940697,
      12.700000002980232,
      12.899999991059303
    ],
    "avg": 15.660000002384185,
    "min": 12.400000005960464,
    "max": 25.700000002980232
  },
  "reactProfiler": {
    "description": "Internal React render (ms)",
    "raw": [
      8.900000005960464,
      3.5999999940395355,
      3.5999999940395355,
      3.7000000029802322,
      3.5
    ],
    "avg": 4.659999999403953,
    "min": 3.5,
    "max": 8.900000005960464
  }
}