{
  "locale": "fr",
  "timestamp": "2026-04-20T01:30:47.061Z",
  "iterations": 5,
  "e2ePageLoad": {
    "description": "PerformanceNavigationTiming.duration — full page load wall-clock time including sub-resources (ms)",
    "raw": [
      17.5,
      11.599999994039536,
      11.200000002980232,
      11.5,
      11.700000002980232
    ],
    "avg": 12.7,
    "min": 11.200000002980232,
    "max": 17.5
  },
  "hydration": {
    "description": "performance.measure('hydration_duration') — time between hydration_start mark (inline script) and hydration_end mark (useEffect) (ms). 0 means app is not instrumented.",
    "raw": [
      25.600000008940697,
      7.799999997019768,
      9.299999997019768,
      8.799999997019768,
      7.4000000059604645
    ],
    "avg": 11.780000001192093,
    "min": 7.4000000059604645,
    "max": 25.600000008940697
  },
  "reactMount": {
    "description": "React Profiler actualDuration for the mount phase of <AppRoot>. 0 means Profiler is not wired up (ms).",
    "raw": [
      17.600000008940697,
      2,
      2,
      1.5999999940395355,
      1.800000011920929
    ],
    "avg": 5.000000002980232,
    "min": 1.5999999940395355,
    "max": 17.600000008940697
  }
}