{
  "locale": "fr",
  "timestamp": "2026-04-21T03:32:33.365Z",
  "iterations": 5,
  "e2e": {
    "description": "Perceived reactivity (ms)",
    "raw": [
      16.30000001192093,
      11.5,
      12.099999994039536,
      12,
      11.699999988079071
    ],
    "avg": 12.719999998807907,
    "min": 11.5,
    "max": 16.30000001192093
  },
  "reactProfiler": {
    "description": "Internal React render (ms)",
    "raw": [
      5.800000011920929,
      4.5999999940395355,
      4.600000023841858,
      5.100000023841858,
      4.700000017881393
    ],
    "avg": 4.960000014305114,
    "min": 4.5999999940395355,
    "max": 5.800000011920929
  }
}