{
  "locale": "en",
  "timestamp": "2026-04-20T02:05:17.772Z",
  "iterations": 5,
  "e2e": {
    "description": "Perceived reactivity (ms)",
    "raw": [
      34.099999994039536,
      15.099999994039536,
      13.400000005960464,
      13.399999991059303,
      11.400000005960464
    ],
    "avg": 17.47999999821186,
    "min": 11.400000005960464,
    "max": 34.099999994039536
  },
  "reactProfiler": {
    "description": "Internal React render (ms)",
    "raw": [
      32.1000000089407,
      5.0999999940395355,
      4.700000002980232,
      4.5999999940395355,
      5
    ],
    "avg": 10.3,
    "min": 4.5999999940395355,
    "max": 32.1000000089407
  }
}