{
  "locale": "fr",
  "timestamp": "2026-04-20T02:05:20.273Z",
  "iterations": 5,
  "e2e": {
    "description": "Perceived reactivity (ms)",
    "raw": [
      15.200000002980232,
      17.5,
      12.200000002980232,
      10.599999994039536,
      11
    ],
    "avg": 13.3,
    "min": 10.599999994039536,
    "max": 17.5
  },
  "reactProfiler": {
    "description": "Internal React render (ms)",
    "raw": [
      5.700000002980232,
      4.700000002980232,
      4.799999997019768,
      4.9000000059604645,
      4.700000002980232
    ],
    "avg": 4.960000002384186,
    "min": 4.700000002980232,
    "max": 5.700000002980232
  }
}