{
  "locale": "en",
  "timestamp": "2026-04-21T03:32:32.365Z",
  "iterations": 5,
  "e2e": {
    "description": "Perceived reactivity (ms)",
    "raw": [
      21.599999994039536,
      12.400000005960464,
      11.900000005960464,
      11.5,
      10.800000011920929
    ],
    "avg": 13.64000000357628,
    "min": 10.800000011920929,
    "max": 21.599999994039536
  },
  "reactProfiler": {
    "description": "Internal React render (ms)",
    "raw": [
      7.200000017881393,
      5,
      5,
      4.700000017881393,
      4.9000000059604645
    ],
    "avg": 5.360000008344651,
    "min": 4.700000017881393,
    "max": 7.200000017881393
  }
}