{
  "locale": "en",
  "timestamp": "2026-04-20T02:05:27.319Z",
  "iterations": 5,
  "e2ePageLoad": {
    "description": "PerformanceNavigationTiming.duration — full page load wall-clock time including sub-resources (ms)",
    "raw": [
      28.100000008940697,
      17.900000005960464,
      17.5,
      18.400000005960464,
      17.900000005960464
    ],
    "avg": 19.960000005364417,
    "min": 17.5,
    "max": 28.100000008940697
  },
  "hydration": {
    "description": "performance.measure('hydration_duration') — time between hydration_start mark (inline script) and hydration_end mark (useEffect) (ms). 0 means app is not instrumented.",
    "raw": [
      41.20000000298023,
      6.700000002980232,
      8.299999997019768,
      7.199999988079071,
      7.299999997019768
    ],
    "avg": 14.139999997615813,
    "min": 6.700000002980232,
    "max": 41.20000000298023
  },
  "reactMount": {
    "description": "React Profiler actualDuration for the mount phase of <AppRoot>. 0 means Profiler is not wired up (ms).",
    "raw": [
      31.200000002980232,
      1.5999999940395355,
      2.8999999910593033,
      1.7999999970197678,
      1.5999999940395355
    ],
    "avg": 7.819999995827675,
    "min": 1.5999999940395355,
    "max": 31.200000002980232
  }
}