{
  "locale": "fr",
  "timestamp": "2026-04-21T03:32:27.556Z",
  "iterations": 5,
  "e2ePageLoad": {
    "description": "PerformanceNavigationTiming.duration — full page load wall-clock time including sub-resources (ms)",
    "raw": [
      21.099999994039536,
      14.200000017881393,
      17.69999998807907,
      14.199999988079071,
      15.400000005960464
    ],
    "avg": 16.519999998807908,
    "min": 14.199999988079071,
    "max": 21.099999994039536
  },
  "hydration": {
    "description": "performance.measure('hydration_duration') — time between hydration_start mark (inline script) and hydration_end mark (useEffect) (ms). 0 means app is not instrumented.",
    "raw": [
      10.400000005960464,
      6.899999976158142,
      6.9000000059604645,
      7.799999982118607,
      6.9000000059604645
    ],
    "avg": 7.779999995231629,
    "min": 6.899999976158142,
    "max": 10.400000005960464
  },
  "reactMount": {
    "description": "React Profiler actualDuration for the mount phase of <AppRoot>. 0 means Profiler is not wired up (ms).",
    "raw": [
      3.9000000059604645,
      1.800000011920929,
      1.4000000059604645,
      1.9000000059604645,
      1.5999999940395355
    ],
    "avg": 2.1200000047683716,
    "min": 1.4000000059604645,
    "max": 3.9000000059604645
  }
}