{
  "locale": "fr",
  "timestamp": "2026-04-21T02:33:55.555Z",
  "iterations": 5,
  "e2ePageLoad": {
    "description": "PerformanceNavigationTiming.duration — full page load wall-clock time including sub-resources (ms)",
    "raw": [
      20.19999998807907,
      12.5,
      15,
      13.599999994039536,
      14.099999994039536
    ],
    "avg": 15.079999995231628,
    "min": 12.5,
    "max": 20.19999998807907
  },
  "hydration": {
    "description": "performance.measure('hydration_duration') — time between hydration_start mark (inline script) and hydration_end mark (useEffect) (ms). 0 means app is not instrumented.",
    "raw": [
      24.200000017881393,
      6.4000000059604645,
      7.0999999940395355,
      6.300000011920929,
      5.899999976158142
    ],
    "avg": 9.980000001192092,
    "min": 5.899999976158142,
    "max": 24.200000017881393
  },
  "reactMount": {
    "description": "React Profiler actualDuration for the mount phase of <AppRoot>. 0 means Profiler is not wired up (ms).",
    "raw": [
      16.5,
      1.5,
      2.300000011920929,
      1.5,
      1.300000011920929
    ],
    "avg": 4.620000004768372,
    "min": 1.300000011920929,
    "max": 16.5
  }
}