{
  "locale": "fr",
  "timestamp": "2026-04-16T22:13:08.213Z",
  "iterations": 5,
  "e2e": {
    "description": "Perceived reactivity: time from select change to html[lang] DOM update (ms)",
    "raw": [
      11.700000017881393,
      7.699999988079071,
      4.299999982118607,
      8.099999994039536,
      3.4000000059604645
    ],
    "avg": 7.039999997615814,
    "min": 3.4000000059604645,
    "max": 11.700000017881393
  },
  "reactProfiler": {
    "description": "Internal React render time: sum of Profiler actualDuration for update phases (ms)",
    "raw": [
      7.400000035762787,
      6.39999994635582,
      4,
      6.000000059604645,
      3.199999988079071
    ],
    "avg": 5.4000000059604645,
    "min": 3.199999988079071,
    "max": 7.400000035762787
  }
}