{
  "locale": "fr",
  "timestamp": "2026-04-20T01:52:40.275Z",
  "iterations": 5,
  "e2e": {
    "description": "Perceived reactivity (ms)",
    "raw": [
      21,
      11.200000002980232,
      12.900000005960464,
      10.599999994039536,
      14.099999994039536
    ],
    "avg": 13.959999999403953,
    "min": 10.599999994039536,
    "max": 21
  },
  "reactProfiler": {
    "description": "Internal React render (ms)",
    "raw": [
      3.9000000059604645,
      3.4000000059604645,
      3.2000000029802322,
      2.800000011920929,
      3.5
    ],
    "avg": 3.360000005364418,
    "min": 2.800000011920929,
    "max": 3.9000000059604645
  }
}