{
  "locale": "en",
  "timestamp": "2026-04-20T01:52:39.355Z",
  "iterations": 5,
  "e2e": {
    "description": "Perceived reactivity (ms)",
    "raw": [
      21.799999997019768,
      10.799999997019768,
      12.599999994039536,
      16.400000005960464,
      10.799999997019768
    ],
    "avg": 14.479999998211861,
    "min": 10.799999997019768,
    "max": 21.799999997019768
  },
  "reactProfiler": {
    "description": "Internal React render (ms)",
    "raw": [
      5.799999997019768,
      3.2999999970197678,
      3.5,
      3.2999999970197678,
      3.4000000059604645
    ],
    "avg": 3.8599999994039536,
    "min": 3.2999999970197678,
    "max": 5.799999997019768
  }
}