{
  "locale": "fr",
  "timestamp": "2026-04-21T01:15:01.552Z",
  "iterations": 5,
  "e2e": {
    "description": "Perceived reactivity (ms)",
    "raw": [
      6.5999999940395355,
      3.0999999940395355,
      2.699999988079071,
      3.600000023841858,
      3.300000011920929
    ],
    "avg": 3.8600000023841856,
    "min": 2.699999988079071,
    "max": 6.5999999940395355
  },
  "reactProfiler": {
    "description": "Internal React render (ms)",
    "raw": [
      0,
      0,
      0,
      0,
      1.5999999940395355
    ],
    "avg": 0.3199999988079071,
    "min": 0,
    "max": 1.5999999940395355
  }
}