{
  "locale": "fr",
  "timestamp": "2026-04-21T01:14:42.810Z",
  "iterations": 5,
  "e2ePageLoad": {
    "description": "PerformanceNavigationTiming.duration — full page load wall-clock time including sub-resources (ms)",
    "raw": [
      14.5,
      13.400000005960464,
      13,
      14.200000017881393,
      16.400000005960464
    ],
    "avg": 14.300000005960465,
    "min": 13,
    "max": 16.400000005960464
  },
  "hydration": {
    "description": "performance.measure('hydration_duration') — time between hydration_start mark (inline script) and hydration_end mark (useEffect) (ms). 0 means app is not instrumented.",
    "raw": [
      35,
      17.400000005960464,
      12,
      11.799999982118607,
      13.599999994039536
    ],
    "avg": 17.959999996423722,
    "min": 11.799999982118607,
    "max": 35
  },
  "reactMount": {
    "description": "React Profiler actualDuration for the mount phase of <AppRoot>. 0 means Profiler is not wired up (ms).",
    "raw": [
      13.400000005960464,
      1.4000000059604645,
      1.9000000059604645,
      1.4000000059604645,
      1.600000023841858
    ],
    "avg": 3.9400000095367433,
    "min": 1.4000000059604645,
    "max": 13.400000005960464
  }
}