{
  "locale": "en",
  "timestamp": "2026-04-21T04:14:02.270Z",
  "iterations": 5,
  "e2ePageLoad": {
    "description": "PerformanceNavigationTiming.duration — full page load wall-clock time including sub-resources (ms)",
    "raw": [
      20.400000005960464,
      14.799999982118607,
      16.599999994039536,
      14.900000005960464,
      14.599999994039536
    ],
    "avg": 16.259999996423723,
    "min": 14.599999994039536,
    "max": 20.400000005960464
  },
  "hydration": {
    "description": "performance.measure('hydration_duration') — time between hydration_start mark (inline script) and hydration_end mark (useEffect) (ms). 0 means app is not instrumented.",
    "raw": [
      120.90000000596046,
      37.70000001788139,
      24.19999998807907,
      22.900000005960464,
      24
    ],
    "avg": 45.94000000357628,
    "min": 22.900000005960464,
    "max": 120.90000000596046
  },
  "reactMount": {
    "description": "React Profiler actualDuration for the mount phase of <AppRoot>. 0 means Profiler is not wired up (ms).",
    "raw": [
      12,
      1.4000000059604645,
      1.0999999940395355,
      1.0999999940395355,
      1.2000000178813934
    ],
    "avg": 3.3600000023841856,
    "min": 1.0999999940395355,
    "max": 12
  }
}