{
  "locale": "fr",
  "timestamp": "2026-04-21T04:21:09.250Z",
  "iterations": 5,
  "e2ePageLoad": {
    "description": "PerformanceNavigationTiming.duration — full page load wall-clock time including sub-resources (ms)",
    "raw": [
      15.800000011920929,
      14.099999994039536,
      16.69999998807907,
      13.400000005960464,
      17.400000005960464
    ],
    "avg": 15.480000001192092,
    "min": 13.400000005960464,
    "max": 17.400000005960464
  },
  "hydration": {
    "description": "performance.measure('hydration_duration') — time between hydration_start mark (inline script) and hydration_end mark (useEffect) (ms). 0 means app is not instrumented.",
    "raw": [
      120.2999999821186,
      37.20000001788139,
      25.5,
      22.799999982118607,
      27
    ],
    "avg": 46.55999999642372,
    "min": 22.799999982118607,
    "max": 120.2999999821186
  },
  "reactMount": {
    "description": "React Profiler actualDuration for the mount phase of <AppRoot>. 0 means Profiler is not wired up (ms).",
    "raw": [
      11.599999994039536,
      1,
      1.0999999940395355,
      1.0999999940395355,
      1.0999999940395355
    ],
    "avg": 3.1799999952316282,
    "min": 1,
    "max": 11.599999994039536
  }
}