{
  "locale": "en",
  "timestamp": "2026-04-16T03:13:56.102Z",
  "iterations": 5,
  "e2e": {
    "description": "Perceived reactivity: time from select change to html[lang] DOM update (ms)",
    "raw": [
      15.5,
      7.200000002980232,
      10.299999997019768,
      7.200000002980232,
      7.4000000059604645
    ],
    "avg": 9.520000001788139,
    "min": 7.200000002980232,
    "max": 15.5
  },
  "reactProfiler": {
    "description": "Internal React render time: sum of Profiler actualDuration for update phases (ms)",
    "raw": [
      0.7000000029802322,
      0.5,
      0.6000000089406967,
      0.6000000089406967,
      0.5999999940395355
    ],
    "avg": 0.6000000029802323,
    "min": 0.5,
    "max": 0.7000000029802322
  }
}