{
  "locale": "fr",
  "timestamp": "2026-04-16T03:14:00.210Z",
  "iterations": 5,
  "e2e": {
    "description": "Perceived reactivity: time from select change to html[lang] DOM update (ms)",
    "raw": [
      10.099999994039536,
      7,
      6.800000011920929,
      7.5,
      8
    ],
    "avg": 7.8800000011920925,
    "min": 6.800000011920929,
    "max": 10.099999994039536
  },
  "reactProfiler": {
    "description": "Internal React render time: sum of Profiler actualDuration for update phases (ms)",
    "raw": [
      0.5999999940395355,
      0.5,
      0.4000000059604645,
      0.29999999701976776,
      0.6000000089406967
    ],
    "avg": 0.4800000011920929,
    "min": 0.29999999701976776,
    "max": 0.6000000089406967
  }
}