{
  "locale": "fr",
  "timestamp": "2026-04-15T08:53:15.676Z",
  "iterations": 5,
  "e2e": {
    "description": "Perceived reactivity: time from select change to html[lang] DOM update (ms)",
    "raw": [
      26.400000005960464,
      23,
      11.800000004470348,
      12.899999998509884,
      11.099999994039536
    ],
    "avg": 17.040000000596045,
    "min": 11.099999994039536,
    "max": 26.400000005960464
  },
  "reactProfiler": {
    "description": "Internal React render time: sum of Profiler actualDuration for update phases (ms)",
    "raw": [
      0,
      0,
      0,
      0,
      0
    ],
    "avg": 0,
    "min": 0,
    "max": 0
  }
}