{
  "locale": "en",
  "timestamp": "2026-04-15T08:53:10.813Z",
  "iterations": 5,
  "e2e": {
    "description": "Perceived reactivity: time from select change to html[lang] DOM update (ms)",
    "raw": [
      42.400000005960464,
      18.399999998509884,
      12.5,
      11.900000005960464,
      15.399999998509884
    ],
    "avg": 20.12000000178814,
    "min": 11.900000005960464,
    "max": 42.400000005960464
  },
  "reactProfiler": {
    "description": "Internal React render time: sum of Profiler actualDuration for update phases (ms)",
    "raw": [
      0,
      0,
      0,
      0,
      0
    ],
    "avg": 0,
    "min": 0,
    "max": 0
  }
}