{
  "locale": "en",
  "timestamp": "2026-04-16T03:37:34.706Z",
  "iterations": 5,
  "e2e": {
    "description": "Perceived reactivity: time from select change to html[lang] DOM update (ms)",
    "raw": [
      28.099999994039536,
      6.600000008940697,
      6.399999991059303,
      6.0999999940395355,
      6.5
    ],
    "avg": 10.739999997615815,
    "min": 6.0999999940395355,
    "max": 28.099999994039536
  },
  "reactProfiler": {
    "description": "Internal React render time: sum of Profiler actualDuration for update phases (ms)",
    "raw": [
      1.7999999970197678,
      0.9999999850988388,
      0.7999999970197678,
      0.9000000059604645,
      0.6999999731779099
    ],
    "avg": 1.0399999916553497,
    "min": 0.6999999731779099,
    "max": 1.7999999970197678
  }
}