{
  "locale": "fr",
  "timestamp": "2026-04-16T03:37:38.596Z",
  "iterations": 5,
  "e2e": {
    "description": "Perceived reactivity: time from select change to html[lang] DOM update (ms)",
    "raw": [
      13.599999994039536,
      6.399999991059303,
      6,
      5.799999997019768,
      6.5
    ],
    "avg": 7.659999996423721,
    "min": 5.799999997019768,
    "max": 13.599999994039536
  },
  "reactProfiler": {
    "description": "Internal React render time: sum of Profiler actualDuration for update phases (ms)",
    "raw": [
      2.3999999910593033,
      1.0000000149011612,
      0.800000011920929,
      0.9000000059604645,
      1.2000000029802322
    ],
    "avg": 1.260000005364418,
    "min": 0.800000011920929,
    "max": 2.3999999910593033
  }
}