{
  "locale": "fr",
  "timestamp": "2026-04-20T03:21:40.766Z",
  "iterations": 5,
  "e2ePageLoad": {
    "description": "PerformanceNavigationTiming.duration — full page load wall-clock time including sub-resources (ms)",
    "raw": [
      19,
      19.5,
      12.900000005960464,
      15.200000002980232,
      19.5
    ],
    "avg": 17.22000000178814,
    "min": 12.900000005960464,
    "max": 19.5
  },
  "hydration": {
    "description": "performance.measure('hydration_duration') — time between hydration_start mark (inline script) and hydration_end mark (useEffect) (ms). 0 means app is not instrumented.",
    "raw": [
      59.29999999701977,
      23.599999994039536,
      16.700000002980232,
      17.200000002980232,
      22.700000002980232
    ],
    "avg": 27.9,
    "min": 16.700000002980232,
    "max": 59.29999999701977
  },
  "reactMount": {
    "description": "React Profiler actualDuration for the mount phase of <AppRoot>. 0 means Profiler is not wired up (ms).",
    "raw": [
      0,
      0,
      0,
      0,
      0
    ],
    "avg": 0,
    "min": 0,
    "max": 0
  }
}