{
  "locale": "en",
  "timestamp": "2026-04-20T03:21:39.834Z",
  "iterations": 5,
  "e2ePageLoad": {
    "description": "PerformanceNavigationTiming.duration — full page load wall-clock time including sub-resources (ms)",
    "raw": [
      21.599999994039536,
      20.900000005960464,
      14.900000005960464,
      16.700000002980232,
      18.5
    ],
    "avg": 18.52000000178814,
    "min": 14.900000005960464,
    "max": 21.599999994039536
  },
  "hydration": {
    "description": "performance.measure('hydration_duration') — time between hydration_start mark (inline script) and hydration_end mark (useEffect) (ms). 0 means app is not instrumented.",
    "raw": [
      52.5,
      30,
      17.599999994039536,
      17.700000002980232,
      22.400000005960464
    ],
    "avg": 28.040000000596045,
    "min": 17.599999994039536,
    "max": 52.5
  },
  "reactMount": {
    "description": "React Profiler actualDuration for the mount phase of <AppRoot>. 0 means Profiler is not wired up (ms).",
    "raw": [
      0,
      0,
      0,
      0,
      0
    ],
    "avg": 0,
    "min": 0,
    "max": 0
  }
}