{
  "locale": "fr",
  "timestamp": "2026-04-12T20:57:20.521Z",
  "iterations": 5,
  "e2e": {
    "description": "Perceived reactivity: time from select change to html[lang] DOM update (ms)",
    "raw": [
      16.19999998807907,
      8.699999988079071,
      4.800000011920929,
      4.799999982118607,
      7.199999988079071
    ],
    "avg": 8.33999999165535,
    "min": 4.799999982118607,
    "max": 16.19999998807907
  },
  "reactProfiler": {
    "description": "Internal React render time: sum of Profiler actualDuration for update phases (ms)",
    "raw": [
      0,
      0,
      0,
      0,
      0
    ],
    "avg": 0,
    "min": 0,
    "max": 0
  }
}