{
  "locale": "en",
  "timestamp": "2026-04-14T00:04:11.039Z",
  "iterations": 5,
  "e2e": {
    "description": "Perceived reactivity: time from select change to html[lang] DOM update (ms)",
    "raw": [
      32.599999994039536,
      4.5,
      4.5999999940395355,
      4.299999982118607,
      9.799999982118607
    ],
    "avg": 11.159999990463257,
    "min": 4.299999982118607,
    "max": 32.599999994039536
  },
  "reactProfiler": {
    "description": "Internal React render time: sum of Profiler actualDuration for update phases (ms)",
    "raw": [
      0,
      0,
      0,
      0,
      0
    ],
    "avg": 0,
    "min": 0,
    "max": 0
  }
}