{
  "locale": "en",
  "timestamp": "2026-04-12T20:57:16.635Z",
  "iterations": 5,
  "e2e": {
    "description": "Perceived reactivity: time from select change to html[lang] DOM update (ms)",
    "raw": [
      10.5,
      4.5999999940395355,
      11.099999994039536,
      7.300000011920929,
      5.300000011920929
    ],
    "avg": 7.760000002384186,
    "min": 4.5999999940395355,
    "max": 11.099999994039536
  },
  "reactProfiler": {
    "description": "Internal React render time: sum of Profiler actualDuration for update phases (ms)",
    "raw": [
      0,
      0,
      0,
      0,
      0
    ],
    "avg": 0,
    "min": 0,
    "max": 0
  }
}