{
  "locale": "fr",
  "timestamp": "2026-04-20T03:11:43.194Z",
  "iterations": 5,
  "e2ePageLoad": {
    "description": "PerformanceNavigationTiming.duration — full page load wall-clock time including sub-resources (ms)",
    "raw": [
      17,
      19,
      19.299999997019768,
      16.5,
      16.100000008940697
    ],
    "avg": 17.580000001192094,
    "min": 16.100000008940697,
    "max": 19.299999997019768
  },
  "hydration": {
    "description": "performance.measure('hydration_duration') — time between hydration_start mark (inline script) and hydration_end mark (useEffect) (ms). 0 means app is not instrumented.",
    "raw": [
      30.700000002980232,
      23.5,
      20.899999991059303,
      17.299999997019768,
      17
    ],
    "avg": 21.87999999821186,
    "min": 17,
    "max": 30.700000002980232
  },
  "reactMount": {
    "description": "React Profiler actualDuration for the mount phase of <AppRoot>. 0 means Profiler is not wired up (ms).",
    "raw": [
      2.9000000059604645,
      0.7999999970197678,
      0.7999999970197678,
      0.800000011920929,
      0.7999999970197678
    ],
    "avg": 1.2200000017881394,
    "min": 0.7999999970197678,
    "max": 2.9000000059604645
  }
}