{
  "locale": "en",
  "timestamp": "2026-04-13T23:58:55.569Z",
  "iterations": 5,
  "e2e": {
    "description": "Perceived reactivity: time from select change to html[lang] DOM update (ms)",
    "raw": [
      16.100000023841858,
      6.699999988079071,
      6.5,
      6.5999999940395355,
      7
    ],
    "avg": 8.580000001192094,
    "min": 6.5,
    "max": 16.100000023841858
  },
  "reactProfiler": {
    "description": "Internal React render time: sum of Profiler actualDuration for update phases (ms)",
    "raw": [
      0,
      0,
      0,
      0,
      0
    ],
    "avg": 0,
    "min": 0,
    "max": 0
  }
}