{
  "locale": "fr",
  "timestamp": "2026-04-13T23:58:59.505Z",
  "iterations": 5,
  "e2e": {
    "description": "Perceived reactivity: time from select change to html[lang] DOM update (ms)",
    "raw": [
      11.300000011920929,
      7.399999976158142,
      8.800000011920929,
      9.299999982118607,
      30.900000005960464
    ],
    "avg": 13.539999997615814,
    "min": 7.399999976158142,
    "max": 30.900000005960464
  },
  "reactProfiler": {
    "description": "Internal React render time: sum of Profiler actualDuration for update phases (ms)",
    "raw": [
      0,
      0,
      0,
      0,
      0
    ],
    "avg": 0,
    "min": 0,
    "max": 0
  }
}