{
  "locale": "en",
  "timestamp": "2026-04-16T03:35:43.377Z",
  "iterations": 5,
  "e2e": {
    "description": "Perceived reactivity: time from select change to html[lang] DOM update (ms)",
    "raw": [
      26.400000005960464,
      18.200000002980232,
      19.200000002980232,
      17.399999991059303,
      16.299999997019768
    ],
    "avg": 19.5,
    "min": 16.299999997019768,
    "max": 26.400000005960464
  },
  "reactProfiler": {
    "description": "Internal React render time: sum of Profiler actualDuration for update phases (ms)",
    "raw": [
      0,
      0,
      0,
      0,
      0
    ],
    "avg": 0,
    "min": 0,
    "max": 0
  }
}