{
  "locale": "en",
  "timestamp": "2026-04-15T08:47:26.662Z",
  "iterations": 5,
  "e2e": {
    "description": "Perceived reactivity: time from select change to html[lang] DOM update (ms)",
    "raw": [
      29.600000001490116,
      22.5,
      22.899999998509884,
      22.69999999552965,
      28.599999994039536
    ],
    "avg": 25.259999997913837,
    "min": 22.5,
    "max": 29.600000001490116
  },
  "reactProfiler": {
    "description": "Internal React render time: sum of Profiler actualDuration for update phases (ms)",
    "raw": [
      0,
      0,
      0,
      0,
      0
    ],
    "avg": 0,
    "min": 0,
    "max": 0
  }
}