{
  "locale": "fr",
  "timestamp": "2026-04-16T03:35:47.445Z",
  "iterations": 5,
  "e2e": {
    "description": "Perceived reactivity: time from select change to html[lang] DOM update (ms)",
    "raw": [
      18.700000002980232,
      20.200000002980232,
      16.299999997019768,
      18.19999998807907,
      16.400000005960464
    ],
    "avg": 17.959999999403955,
    "min": 16.299999997019768,
    "max": 20.200000002980232
  },
  "reactProfiler": {
    "description": "Internal React render time: sum of Profiler actualDuration for update phases (ms)",
    "raw": [
      0,
      0,
      0,
      0,
      0
    ],
    "avg": 0,
    "min": 0,
    "max": 0
  }
}