{
  "locale": "fr",
  "timestamp": "2026-04-15T08:47:30.965Z",
  "iterations": 5,
  "e2e": {
    "description": "Perceived reactivity: time from select change to html[lang] DOM update (ms)",
    "raw": [
      20.399999998509884,
      19.299999997019768,
      17.399999998509884,
      19.5,
      19.600000001490116
    ],
    "avg": 19.23999999910593,
    "min": 17.399999998509884,
    "max": 20.399999998509884
  },
  "reactProfiler": {
    "description": "Internal React render time: sum of Profiler actualDuration for update phases (ms)",
    "raw": [
      0,
      0,
      0,
      0,
      0
    ],
    "avg": 0,
    "min": 0,
    "max": 0
  }
}