{
  "locale": "en",
  "timestamp": "2026-04-13T23:59:49.868Z",
  "iterations": 5,
  "e2e": {
    "description": "Perceived reactivity: time from select change to html[lang] DOM update (ms)",
    "raw": [
      5.5,
      3,
      2.9000000059604645,
      2.9000000059604645,
      3.0999999940395355
    ],
    "avg": 3.480000001192093,
    "min": 2.9000000059604645,
    "max": 5.5
  },
  "reactProfiler": {
    "description": "Internal React render time: sum of Profiler actualDuration for update phases (ms)",
    "raw": [
      0,
      0,
      0,
      0,
      0
    ],
    "avg": 0,
    "min": 0,
    "max": 0
  }
}