{
  "locale": "en",
  "timestamp": "2026-04-16T03:18:12.148Z",
  "iterations": 5,
  "e2e": {
    "description": "Perceived reactivity: time from select change to html[lang] DOM update (ms)",
    "raw": [
      14.899999991059303,
      14.299999997019768,
      14.900000005960464,
      14.100000008940697,
      15.299999997019768
    ],
    "avg": 14.7,
    "min": 14.100000008940697,
    "max": 15.299999997019768
  },
  "reactProfiler": {
    "description": "Internal React render time: sum of Profiler actualDuration for update phases (ms)",
    "raw": [
      0.7999999970197678,
      0.9000000059604645,
      0.5999999940395355,
      0.800000011920929,
      0.7000000029802322
    ],
    "avg": 0.7600000023841857,
    "min": 0.5999999940395355,
    "max": 0.9000000059604645
  }
}