{
  "locale": "fr",
  "timestamp": "2026-04-16T03:18:16.131Z",
  "iterations": 5,
  "e2e": {
    "description": "Perceived reactivity: time from select change to html[lang] DOM update (ms)",
    "raw": [
      9.5,
      6.899999991059303,
      6.5999999940395355,
      7.5,
      7.299999997019768
    ],
    "avg": 7.559999996423722,
    "min": 6.5999999940395355,
    "max": 9.5
  },
  "reactProfiler": {
    "description": "Internal React render time: sum of Profiler actualDuration for update phases (ms)",
    "raw": [
      0.7000000178813934,
      0.5,
      0.4000000059604645,
      0.3999999910593033,
      0.6000000089406967
    ],
    "avg": 0.5200000047683716,
    "min": 0.3999999910593033,
    "max": 0.7000000178813934
  }
}