{
  "locale": "fr",
  "timestamp": "2026-04-13T05:09:36.944Z",
  "iterations": 5,
  "e2e": {
    "description": "Perceived reactivity: time from select change to html[lang] DOM update (ms)",
    "raw": [
      21.69999998807907,
      15.400000005960464,
      16,
      10.599999994039536,
      9.5
    ],
    "avg": 14.639999997615813,
    "min": 9.5,
    "max": 21.69999998807907
  },
  "reactProfiler": {
    "description": "Internal React render time: sum of Profiler actualDuration for update phases (ms)",
    "raw": [
      0,
      0,
      0,
      0,
      0
    ],
    "avg": 0,
    "min": 0,
    "max": 0
  }
}