{
  "locale": "en",
  "timestamp": "2026-04-13T04:32:18.969Z",
  "iterations": 5,
  "e2e": {
    "description": "Perceived reactivity: time from select change to html[lang] DOM update (ms)",
    "raw": [
      28.200000017881393,
      10,
      9.699999988079071,
      11,
      10.5
    ],
    "avg": 13.880000001192093,
    "min": 9.699999988079071,
    "max": 28.200000017881393
  },
  "reactProfiler": {
    "description": "Internal React render time: sum of Profiler actualDuration for update phases (ms)",
    "raw": [
      0,
      0,
      0,
      0,
      0
    ],
    "avg": 0,
    "min": 0,
    "max": 0
  }
}