{
  "locale": "en",
  "timestamp": "2026-04-13T05:09:32.676Z",
  "iterations": 5,
  "e2e": {
    "description": "Perceived reactivity: time from select change to html[lang] DOM update (ms)",
    "raw": [
      41.80000001192093,
      9.699999988079071,
      9.099999994039536,
      9.400000005960464,
      9.5
    ],
    "avg": 15.9,
    "min": 9.099999994039536,
    "max": 41.80000001192093
  },
  "reactProfiler": {
    "description": "Internal React render time: sum of Profiler actualDuration for update phases (ms)",
    "raw": [
      0,
      0,
      0,
      0,
      0
    ],
    "avg": 0,
    "min": 0,
    "max": 0
  }
}