{
  "locale": "en",
  "timestamp": "2026-04-13T03:46:16.305Z",
  "iterations": 5,
  "e2e": {
    "description": "Perceived reactivity: time from select change to html[lang] DOM update (ms)",
    "raw": [
      16.5,
      12.100000023841858,
      9.599999994039536,
      8.400000005960464,
      10.100000023841858
    ],
    "avg": 11.340000009536743,
    "min": 8.400000005960464,
    "max": 16.5
  },
  "reactProfiler": {
    "description": "Internal React render time: sum of Profiler actualDuration for update phases (ms)",
    "raw": [
      0,
      0,
      0,
      0,
      0
    ],
    "avg": 0,
    "min": 0,
    "max": 0
  }
}