{
  "locale": "fr",
  "timestamp": "2026-04-13T03:46:20.257Z",
  "iterations": 5,
  "e2e": {
    "description": "Perceived reactivity: time from select change to html[lang] DOM update (ms)",
    "raw": [
      18.30000001192093,
      11.299999982118607,
      10,
      9.100000023841858,
      10.599999994039536
    ],
    "avg": 11.860000002384187,
    "min": 9.100000023841858,
    "max": 18.30000001192093
  },
  "reactProfiler": {
    "description": "Internal React render time: sum of Profiler actualDuration for update phases (ms)",
    "raw": [
      0,
      0,
      0,
      0,
      0
    ],
    "avg": 0,
    "min": 0,
    "max": 0
  }
}