{
  "locale": "fr",
  "timestamp": "2026-04-13T04:32:22.956Z",
  "iterations": 5,
  "e2e": {
    "description": "Perceived reactivity: time from select change to html[lang] DOM update (ms)",
    "raw": [
      17.19999998807907,
      10.5,
      10.199999988079071,
      10.399999976158142,
      9.900000005960464
    ],
    "avg": 11.63999999165535,
    "min": 9.900000005960464,
    "max": 17.19999998807907
  },
  "reactProfiler": {
    "description": "Internal React render time: sum of Profiler actualDuration for update phases (ms)",
    "raw": [
      0,
      0,
      0,
      0,
      0
    ],
    "avg": 0,
    "min": 0,
    "max": 0
  }
}