{
  "locale": "fr",
  "timestamp": "2026-04-12T04:19:14.459Z",
  "iterations": 5,
  "e2e": {
    "description": "Perceived reactivity: time from select change to html[lang] DOM update (ms)",
    "raw": [
      5.899999991059303,
      2.7999999970197678,
      2.8999999910593033,
      2.9000000059604645,
      3.0999999940395355
    ],
    "avg": 3.519999995827675,
    "min": 2.7999999970197678,
    "max": 5.899999991059303
  },
  "reactProfiler": {
    "description": "Internal React render time: sum of Profiler actualDuration for update phases (ms)",
    "raw": [
      0,
      0,
      0,
      0,
      0
    ],
    "avg": 0,
    "min": 0,
    "max": 0
  }
}