{
  "locale": "en",
  "timestamp": "2026-04-12T04:19:10.276Z",
  "iterations": 5,
  "e2e": {
    "description": "Perceived reactivity: time from select change to html[lang] DOM update (ms)",
    "raw": [
      5.5,
      2.7999999970197678,
      2.7999999970197678,
      2.8999999910593033,
      3
    ],
    "avg": 3.399999997019768,
    "min": 2.7999999970197678,
    "max": 5.5
  },
  "reactProfiler": {
    "description": "Internal React render time: sum of Profiler actualDuration for update phases (ms)",
    "raw": [
      0,
      0,
      0,
      0,
      0
    ],
    "avg": 0,
    "min": 0,
    "max": 0
  }
}