{
  "locale": "fr",
  "timestamp": "2026-04-21T03:34:17.131Z",
  "iterations": 5,
  "e2e": {
    "description": "Perceived reactivity (ms)",
    "raw": [
      15.099999994039536,
      7.5999999940395355,
      5.0999999940395355,
      4.199999988079071,
      8.5
    ],
    "avg": 8.099999994039536,
    "min": 4.199999988079071,
    "max": 15.099999994039536
  },
  "reactProfiler": {
    "description": "Internal React render (ms)",
    "raw": [
      14.900000005960464,
      2.5999999940395355,
      0,
      0,
      2.2999999821186066
    ],
    "avg": 3.959999996423721,
    "min": 0,
    "max": 14.900000005960464
  }
}