{
  "locale": "fr",
  "timestamp": "2026-04-21T02:54:20.500Z",
  "iterations": 5,
  "e2e": {
    "description": "Perceived reactivity (ms)",
    "raw": [
      25.69999998807907,
      3.199999988079071,
      3.5,
      3.0999999940395355,
      2.699999988079071
    ],
    "avg": 7.639999991655349,
    "min": 2.699999988079071,
    "max": 25.69999998807907
  },
  "reactProfiler": {
    "description": "Internal React render (ms)",
    "raw": [
      11.200000017881393,
      2.7999999821186066,
      0,
      2.2000000178813934,
      0
    ],
    "avg": 3.2400000035762786,
    "min": 0,
    "max": 11.200000017881393
  }
}