{
  "locale": "fr",
  "timestamp": "2026-04-20T03:40:38.045Z",
  "iterations": 5,
  "e2e": {
    "description": "Perceived reactivity (ms)",
    "raw": [
      19.099999994039536,
      2.8999999910593033,
      3.9000000059604645,
      2.5999999940395355,
      3.1000000089406967
    ],
    "avg": 6.319999998807907,
    "min": 2.5999999940395355,
    "max": 19.099999994039536
  },
  "reactProfiler": {
    "description": "Internal React render (ms)",
    "raw": [
      3.2000000029802322,
      3,
      0,
      0,
      0
    ],
    "avg": 1.2400000005960465,
    "min": 0,
    "max": 3.2000000029802322
  }
}