{
  "locale": "en",
  "timestamp": "2026-04-20T03:40:36.747Z",
  "iterations": 5,
  "e2e": {
    "description": "Perceived reactivity (ms)",
    "raw": [
      14.099999994039536,
      3.7000000029802322,
      2.6000000089406967,
      3,
      2.9000000059604645
    ],
    "avg": 5.260000002384186,
    "min": 2.6000000089406967,
    "max": 14.099999994039536
  },
  "reactProfiler": {
    "description": "Internal React render (ms)",
    "raw": [
      35.69999998807907,
      4.299999997019768,
      0,
      0,
      2.5
    ],
    "avg": 8.499999997019767,
    "min": 0,
    "max": 35.69999998807907
  }
}