{
  "locale": "en",
  "timestamp": "2026-04-21T03:09:36.322Z",
  "iterations": 5,
  "e2e": {
    "description": "Perceived reactivity (ms)",
    "raw": [
      34.099999994039536,
      4.9000000059604645,
      4.9000000059604645,
      4.5999999940395355,
      7.699999988079071
    ],
    "avg": 11.239999997615815,
    "min": 4.5999999940395355,
    "max": 34.099999994039536
  },
  "reactProfiler": {
    "description": "Internal React render (ms)",
    "raw": [
      16.69999998807907,
      0,
      0,
      0,
      1.800000011920929
    ],
    "avg": 3.7,
    "min": 0,
    "max": 16.69999998807907
  }
}