{
  "locale": "en",
  "timestamp": "2026-04-21T03:34:16.215Z",
  "iterations": 5,
  "e2e": {
    "description": "Perceived reactivity (ms)",
    "raw": [
      31.900000005960464,
      5.4000000059604645,
      4.4000000059604645,
      4.9000000059604645,
      8.599999994039536
    ],
    "avg": 11.040000003576278,
    "min": 4.4000000059604645,
    "max": 31.900000005960464
  },
  "reactProfiler": {
    "description": "Internal React render (ms)",
    "raw": [
      12,
      0,
      0,
      0,
      2.199999988079071
    ],
    "avg": 2.839999997615814,
    "min": 0,
    "max": 12
  }
}