{
  "locale": "fr",
  "timestamp": "2026-04-21T03:09:37.115Z",
  "iterations": 5,
  "e2e": {
    "description": "Perceived reactivity (ms)",
    "raw": [
      19.5,
      4.4000000059604645,
      4.0999999940395355,
      4.0999999940395355,
      5.299999982118607
    ],
    "avg": 7.479999995231628,
    "min": 4.0999999940395355,
    "max": 19.5
  },
  "reactProfiler": {
    "description": "Internal React render (ms)",
    "raw": [
      3,
      0,
      0,
      0,
      0
    ],
    "avg": 0.6,
    "min": 0,
    "max": 3
  }
}