{
  "locale": "fr",
  "timestamp": "2026-04-21T03:09:22.365Z",
  "iterations": 5,
  "e2ePageLoad": {
    "description": "PerformanceNavigationTiming.duration — full page load wall-clock time including sub-resources (ms)",
    "raw": [
      16,
      16.299999982118607,
      14.900000005960464,
      15,
      18.100000023841858
    ],
    "avg": 16.060000002384186,
    "min": 14.900000005960464,
    "max": 18.100000023841858
  },
  "hydration": {
    "description": "performance.measure('hydration_duration') — time between hydration_start mark (inline script) and hydration_end mark (useEffect) (ms). 0 means app is not instrumented.",
    "raw": [
      37.20000001788139,
      19.69999998807907,
      12.599999994039536,
      15.599999994039536,
      13.400000005960464
    ],
    "avg": 19.7,
    "min": 12.599999994039536,
    "max": 37.20000001788139
  },
  "reactMount": {
    "description": "React Profiler actualDuration for the mount phase of <AppRoot>. 0 means Profiler is not wired up (ms).",
    "raw": [
      14.099999994039536,
      1.699999988079071,
      1.699999988079071,
      3,
      1.7999999821186066
    ],
    "avg": 4.459999990463257,
    "min": 1.699999988079071,
    "max": 14.099999994039536
  }
}