{
  "locale": "en",
  "timestamp": "2026-04-21T03:09:21.574Z",
  "iterations": 5,
  "e2ePageLoad": {
    "description": "PerformanceNavigationTiming.duration — full page load wall-clock time including sub-resources (ms)",
    "raw": [
      15.799999982118607,
      17,
      17.399999976158142,
      17.899999976158142,
      21.5
    ],
    "avg": 17.919999986886978,
    "min": 15.799999982118607,
    "max": 21.5
  },
  "hydration": {
    "description": "performance.measure('hydration_duration') — time between hydration_start mark (inline script) and hydration_end mark (useEffect) (ms). 0 means app is not instrumented.",
    "raw": [
      57,
      21,
      13.700000017881393,
      16.099999994039536,
      18.200000017881393
    ],
    "avg": 25.200000005960465,
    "min": 13.700000017881393,
    "max": 57
  },
  "reactMount": {
    "description": "React Profiler actualDuration for the mount phase of <AppRoot>. 0 means Profiler is not wired up (ms).",
    "raw": [
      25.19999998807907,
      2.399999976158142,
      1.800000011920929,
      2.800000011920929,
      1.699999988079071
    ],
    "avg": 6.779999995231629,
    "min": 1.699999988079071,
    "max": 25.19999998807907
  }
}