{
  "locale": "en",
  "timestamp": "2026-04-21T03:33:30.752Z",
  "iterations": 5,
  "e2ePageLoad": {
    "description": "PerformanceNavigationTiming.duration — full page load wall-clock time including sub-resources (ms)",
    "raw": [
      17.599999994039536,
      14.199999988079071,
      19.899999976158142,
      19.19999998807907,
      25.900000005960464
    ],
    "avg": 19.35999999046326,
    "min": 14.199999988079071,
    "max": 25.900000005960464
  },
  "hydration": {
    "description": "performance.measure('hydration_duration') — time between hydration_start mark (inline script) and hydration_end mark (useEffect) (ms). 0 means app is not instrumented.",
    "raw": [
      61.20000001788139,
      19.399999976158142,
      15.600000023841858,
      16.700000017881393,
      16.19999998807907
    ],
    "avg": 25.82000000476837,
    "min": 15.600000023841858,
    "max": 61.20000001788139
  },
  "reactMount": {
    "description": "React Profiler actualDuration for the mount phase of <AppRoot>. 0 means Profiler is not wired up (ms).",
    "raw": [
      26.700000017881393,
      2.199999988079071,
      1.699999988079071,
      2.9000000059604645,
      1.7999999821186066
    ],
    "avg": 7.059999996423722,
    "min": 1.699999988079071,
    "max": 26.700000017881393
  }
}