{
  "locale": "fr",
  "timestamp": "2026-04-21T02:53:45.280Z",
  "iterations": 5,
  "e2ePageLoad": {
    "description": "PerformanceNavigationTiming.duration — full page load wall-clock time including sub-resources (ms)",
    "raw": [
      16,
      18.599999994039536,
      16.5,
      18,
      16.299999982118607
    ],
    "avg": 17.079999995231628,
    "min": 16,
    "max": 18.599999994039536
  },
  "hydration": {
    "description": "performance.measure('hydration_duration') — time between hydration_start mark (inline script) and hydration_end mark (useEffect) (ms). 0 means app is not instrumented.",
    "raw": [
      39,
      20.599999994039536,
      15.5,
      15.799999982118607,
      13
    ],
    "avg": 20.779999995231627,
    "min": 13,
    "max": 39
  },
  "reactMount": {
    "description": "React Profiler actualDuration for the mount phase of <AppRoot>. 0 means Profiler is not wired up (ms).",
    "raw": [
      15.699999988079071,
      2.2000000178813934,
      1.7000000178813934,
      1.7999999821186066,
      1.7999999821186066
    ],
    "avg": 4.639999997615814,
    "min": 1.7000000178813934,
    "max": 15.699999988079071
  }
}