{
  "locale": "en",
  "timestamp": "2026-04-15T21:40:50.067Z",
  "iterations": 5,
  "e2e": {
    "description": "Perceived reactivity: time from select change to html[lang] DOM update (ms)",
    "raw": [
      25,
      14.400000005960464,
      11.299999997019768,
      11.399999991059303,
      11.200000002980232
    ],
    "avg": 14.659999999403954,
    "min": 11.200000002980232,
    "max": 25
  },
  "reactProfiler": {
    "description": "Internal React render time: sum of Profiler actualDuration for update phases (ms)",
    "raw": [
      7.700000017881393,
      6.100000023841858,
      5.899999991059303,
      5.80000002682209,
      4.900000035762787
    ],
    "avg": 6.080000019073486,
    "min": 4.900000035762787,
    "max": 7.700000017881393
  }
}