{
  "locale": "fr",
  "timestamp": "2026-04-15T21:40:54.293Z",
  "iterations": 5,
  "e2e": {
    "description": "Perceived reactivity: time from select change to html[lang] DOM update (ms)",
    "raw": [
      18.799999997019768,
      11.400000005960464,
      11.200000002980232,
      10.700000002980232,
      11.199999988079071
    ],
    "avg": 12.659999999403954,
    "min": 10.700000002980232,
    "max": 18.799999997019768
  },
  "reactProfiler": {
    "description": "Internal React render time: sum of Profiler actualDuration for update phases (ms)",
    "raw": [
      6.700000032782555,
      5,
      5.5,
      5.800000011920929,
      5.299999967217445
    ],
    "avg": 5.660000002384185,
    "min": 5,
    "max": 6.700000032782555
  }
}