{
  "locale": "en",
  "timestamp": "2026-04-12T21:04:09.998Z",
  "iterations": 5,
  "e2e": {
    "description": "Perceived reactivity: time from select change to html[lang] DOM update (ms)",
    "raw": [
      9.300000011920929,
      4.5,
      4.200000017881393,
      4.200000017881393,
      4.300000011920929
    ],
    "avg": 5.300000011920929,
    "min": 4.200000017881393,
    "max": 9.300000011920929
  },
  "reactProfiler": {
    "description": "Internal React render time: sum of Profiler actualDuration for update phases (ms)",
    "raw": [
      0,
      0,
      0,
      0,
      0
    ],
    "avg": 0,
    "min": 0,
    "max": 0
  }
}