{
  "locale": "fr",
  "timestamp": "2026-04-12T21:04:13.913Z",
  "iterations": 5,
  "e2e": {
    "description": "Perceived reactivity: time from select change to html[lang] DOM update (ms)",
    "raw": [
      8,
      4.199999988079071,
      4.200000017881393,
      4.300000011920929,
      4.5999999940395355
    ],
    "avg": 5.060000002384186,
    "min": 4.199999988079071,
    "max": 8
  },
  "reactProfiler": {
    "description": "Internal React render time: sum of Profiler actualDuration for update phases (ms)",
    "raw": [
      0,
      0,
      0,
      0,
      0
    ],
    "avg": 0,
    "min": 0,
    "max": 0
  }
}