{
  "locale": "fr",
  "timestamp": "2026-04-20T01:20:18.470Z",
  "iterations": 5,
  "e2e": {
    "description": "Perceived reactivity (ms)",
    "raw": [
      16.100000008940697,
      13.200000002980232,
      10.700000002980232,
      11.100000008940697,
      9.799999997019768
    ],
    "avg": 12.180000004172324,
    "min": 9.799999997019768,
    "max": 16.100000008940697
  },
  "reactProfiler": {
    "description": "Internal React render (ms)",
    "raw": [
      5.4000000059604645,
      4.9000000059604645,
      4.799999997019768,
      4.699999988079071,
      4.799999997019768
    ],
    "avg": 4.919999998807907,
    "min": 4.699999988079071,
    "max": 5.4000000059604645
  }
}