{
  "locale": "en",
  "timestamp": "2026-04-20T01:20:17.605Z",
  "iterations": 5,
  "e2e": {
    "description": "Perceived reactivity (ms)",
    "raw": [
      25.69999998807907,
      10.100000008940697,
      10.900000005960464,
      12.100000008940697,
      10.200000002980232
    ],
    "avg": 13.800000002980232,
    "min": 10.100000008940697,
    "max": 25.69999998807907
  },
  "reactProfiler": {
    "description": "Internal React render (ms)",
    "raw": [
      6.4000000059604645,
      4.300000011920929,
      4.5999999940395355,
      4.5,
      4.700000002980232
    ],
    "avg": 4.900000002980232,
    "min": 4.300000011920929,
    "max": 6.4000000059604645
  }
}