{
  "locale": "fr",
  "timestamp": "2026-04-21T03:37:50.964Z",
  "iterations": 5,
  "e2e": {
    "description": "Perceived reactivity (ms)",
    "raw": [
      13.699999988079071,
      10.900000005960464,
      10.400000005960464,
      10.199999988079071,
      9
    ],
    "avg": 10.839999997615815,
    "min": 9,
    "max": 13.699999988079071
  },
  "reactProfiler": {
    "description": "Internal React render (ms)",
    "raw": [
      5.300000011920929,
      4.5999999940395355,
      4.5,
      4.4000000059604645,
      4.4000000059604645
    ],
    "avg": 4.6400000035762785,
    "min": 4.4000000059604645,
    "max": 5.300000011920929
  }
}