{
  "locale": "en",
  "timestamp": "2026-04-21T03:37:50.065Z",
  "iterations": 5,
  "e2e": {
    "description": "Perceived reactivity (ms)",
    "raw": [
      19.099999994039536,
      13.300000011920929,
      10.699999988079071,
      10.099999994039536,
      11.5
    ],
    "avg": 12.939999997615814,
    "min": 10.099999994039536,
    "max": 19.099999994039536
  },
  "reactProfiler": {
    "description": "Internal React render (ms)",
    "raw": [
      30.299999982118607,
      7.300000011920929,
      4.5,
      4.4000000059604645,
      4.700000017881393
    ],
    "avg": 10.240000003576279,
    "min": 4.4000000059604645,
    "max": 30.299999982118607
  }
}