{
  "locale": "en",
  "timestamp": "2026-04-21T03:36:07.462Z",
  "iterations": 5,
  "e2ePageLoad": {
    "description": "PerformanceNavigationTiming.duration — full page load wall-clock time including sub-resources (ms)",
    "raw": [
      22.399999976158142,
      13.199999988079071,
      15.900000005960464,
      14.5,
      14
    ],
    "avg": 15.999999994039536,
    "min": 13.199999988079071,
    "max": 22.399999976158142
  },
  "hydration": {
    "description": "performance.measure('hydration_duration') — time between hydration_start mark (inline script) and hydration_end mark (useEffect) (ms). 0 means app is not instrumented.",
    "raw": [
      40.19999998807907,
      6.300000011920929,
      7.5,
      6.199999988079071,
      6
    ],
    "avg": 13.239999997615815,
    "min": 6,
    "max": 40.19999998807907
  },
  "reactMount": {
    "description": "React Profiler actualDuration for the mount phase of <AppRoot>. 0 means Profiler is not wired up (ms).",
    "raw": [
      28.80000001192093,
      1.5,
      2.5999999940395355,
      1.4000000059604645,
      1.5999999940395355
    ],
    "avg": 7.180000001192093,
    "min": 1.4000000059604645,
    "max": 28.80000001192093
  }
}