{
  "locale": "fr",
  "timestamp": "2026-04-20T01:20:13.625Z",
  "iterations": 5,
  "e2ePageLoad": {
    "description": "PerformanceNavigationTiming.duration — full page load wall-clock time including sub-resources (ms)",
    "raw": [
      17.700000002980232,
      14.599999994039536,
      13.599999994039536,
      14.099999994039536,
      13.899999991059303
    ],
    "avg": 14.779999995231629,
    "min": 13.599999994039536,
    "max": 17.700000002980232
  },
  "hydration": {
    "description": "performance.measure('hydration_duration') — time between hydration_start mark (inline script) and hydration_end mark (useEffect) (ms). 0 means app is not instrumented.",
    "raw": [
      23.69999998807907,
      6.100000008940697,
      7,
      6.199999988079071,
      6
    ],
    "avg": 9.799999997019768,
    "min": 6,
    "max": 23.69999998807907
  },
  "reactMount": {
    "description": "React Profiler actualDuration for the mount phase of <AppRoot>. 0 means Profiler is not wired up (ms).",
    "raw": [
      16.799999997019768,
      1.5,
      2.4000000059604645,
      1.5,
      1.5
    ],
    "avg": 4.740000000596046,
    "min": 1.5,
    "max": 16.799999997019768
  }
}