{
  "locale": "en",
  "timestamp": "2026-04-20T01:20:12.811Z",
  "iterations": 5,
  "e2ePageLoad": {
    "description": "PerformanceNavigationTiming.duration — full page load wall-clock time including sub-resources (ms)",
    "raw": [
      20.5,
      13.899999991059303,
      15.5,
      13.5,
      12.700000002980232
    ],
    "avg": 15.219999998807907,
    "min": 12.700000002980232,
    "max": 20.5
  },
  "hydration": {
    "description": "performance.measure('hydration_duration') — time between hydration_start mark (inline script) and hydration_end mark (useEffect) (ms). 0 means app is not instrumented.",
    "raw": [
      24.899999991059303,
      6,
      7.199999988079071,
      6,
      6.200000002980232
    ],
    "avg": 10.059999996423722,
    "min": 6,
    "max": 24.899999991059303
  },
  "reactMount": {
    "description": "React Profiler actualDuration for the mount phase of <AppRoot>. 0 means Profiler is not wired up (ms).",
    "raw": [
      17.599999994039536,
      1.5999999940395355,
      2.5,
      1.5,
      1.5
    ],
    "avg": 4.939999997615814,
    "min": 1.5,
    "max": 17.599999994039536
  }
}