{
  "locale": "fr",
  "timestamp": "2026-04-21T00:25:26.167Z",
  "iterations": 5,
  "e2e": {
    "description": "Perceived reactivity (ms)",
    "raw": [
      17.400000005960464,
      13.800000011920929,
      10,
      9.699999988079071,
      9.599999994039536
    ],
    "avg": 12.1,
    "min": 9.599999994039536,
    "max": 17.400000005960464
  },
  "reactProfiler": {
    "description": "Internal React render (ms)",
    "raw": [
      4.9000000059604645,
      3.4000000059604645,
      3.300000011920929,
      3.300000011920929,
      3.199999988079071
    ],
    "avg": 3.6200000047683716,
    "min": 3.199999988079071,
    "max": 4.9000000059604645
  }
}