{
  "locale": "en",
  "timestamp": "2026-04-21T00:25:25.358Z",
  "iterations": 5,
  "e2e": {
    "description": "Perceived reactivity (ms)",
    "raw": [
      21.200000017881393,
      16.19999998807907,
      12.400000005960464,
      13.100000023841858,
      11.900000005960464
    ],
    "avg": 14.96000000834465,
    "min": 11.900000005960464,
    "max": 21.200000017881393
  },
  "reactProfiler": {
    "description": "Internal React render (ms)",
    "raw": [
      6.300000011920929,
      3.899999976158142,
      3.399999976158142,
      3.5,
      4.699999988079071
    ],
    "avg": 4.3599999904632565,
    "min": 3.399999976158142,
    "max": 6.300000011920929
  }
}