{
  "locale": "fr",
  "timestamp": "2026-04-17T08:36:43.620Z",
  "iterations": 5,
  "e2e": {
    "description": "Perceived reactivity (ms)",
    "raw": [
      39.5,
      12.900000005960464,
      12.599999994039536,
      12.5,
      13.800000011920929
    ],
    "avg": 18.260000002384185,
    "min": 12.5,
    "max": 39.5
  },
  "reactProfiler": {
    "description": "Internal React render (ms)",
    "raw": [
      13.700000017881393,
      2.600000023841858,
      3.0999999940395355,
      2.5,
      2.4000000059604645
    ],
    "avg": 4.860000008344651,
    "min": 2.4000000059604645,
    "max": 13.700000017881393
  }
}