{
  "locale": "en",
  "timestamp": "2026-04-20T02:33:37.617Z",
  "iterations": 5,
  "e2e": {
    "description": "Perceived reactivity (ms)",
    "raw": [
      35.19999998807907,
      12.400000005960464,
      11.799999997019768,
      12.900000005960464,
      12.200000002980232
    ],
    "avg": 16.9,
    "min": 11.799999997019768,
    "max": 35.19999998807907
  },
  "reactProfiler": {
    "description": "Internal React render (ms)",
    "raw": [
      11.5,
      2.5,
      3.0999999940395355,
      2.3999999910593033,
      2.2999999970197678
    ],
    "avg": 4.3599999964237215,
    "min": 2.2999999970197678,
    "max": 11.5
  }
}