{
  "locale": "fr",
  "timestamp": "2026-04-20T02:33:33.577Z",
  "iterations": 5,
  "e2ePageLoad": {
    "description": "PerformanceNavigationTiming.duration — full page load wall-clock time including sub-resources (ms)",
    "raw": [
      17.799999997019768,
      15.5,
      17.599999994039536,
      16.200000002980232,
      16.799999997019768
    ],
    "avg": 16.77999999821186,
    "min": 15.5,
    "max": 17.799999997019768
  },
  "hydration": {
    "description": "performance.measure('hydration_duration') — time between hydration_start mark (inline script) and hydration_end mark (useEffect) (ms). 0 means app is not instrumented.",
    "raw": [
      52.5,
      20.799999997019768,
      19.400000005960464,
      18.200000002980232,
      17.299999997019768
    ],
    "avg": 25.640000000596046,
    "min": 17.299999997019768,
    "max": 52.5
  },
  "reactMount": {
    "description": "React Profiler actualDuration for the mount phase of <AppRoot>. 0 means Profiler is not wired up (ms).",
    "raw": [
      15.200000002980232,
      1.9000000059604645,
      3,
      3,
      2
    ],
    "avg": 5.020000001788139,
    "min": 1.9000000059604645,
    "max": 15.200000002980232
  }
}