{
  "locale": "en",
  "timestamp": "2026-04-18T20:39:50.553Z",
  "iterations": 5,
  "e2e": {
    "description": "Perceived reactivity (ms)",
    "raw": [
      20,
      38,
      23.399999976158142,
      49.299999952316284,
      18.30000001192093
    ],
    "avg": 29.799999988079072,
    "min": 18.30000001192093,
    "max": 49.299999952316284
  },
  "reactProfiler": {
    "description": "Internal React render (ms)",
    "raw": [
      5.299999952316284,
      5.099999964237213,
      5.300000011920929,
      4.900000035762787,
      4.400000035762787
    ],
    "avg": 5,
    "min": 4.400000035762787,
    "max": 5.300000011920929
  }
}