{
  "locale": "fr",
  "timestamp": "2026-04-18T20:39:56.663Z",
  "iterations": 5,
  "e2e": {
    "description": "Perceived reactivity (ms)",
    "raw": [
      54.5,
      54.30000001192093,
      45.60000002384186,
      143.80000001192093,
      67.69999998807907
    ],
    "avg": 73.18000000715256,
    "min": 45.60000002384186,
    "max": 143.80000001192093
  },
  "reactProfiler": {
    "description": "Internal React render (ms)",
    "raw": [
      5.599999964237213,
      5.299999952316284,
      4.5,
      5.100000023841858,
      4.600000023841858
    ],
    "avg": 5.019999992847443,
    "min": 4.5,
    "max": 5.599999964237213
  }
}